application_id,application_time,credit_score,annual_income,debt_to_income,employment_length,loan_amount,loan_purpose,home_ownership,number_of_delinquent_accounts,delinquent_months,months_since_last_delinquent,revolving_utilization,inquiries_last_6m,model_score,probability_of_default,risk_rating,application_status,actual_default,past_due_days,score_band,income_band,channel,notes
EC000000,46:27.6,695,86531.0,26.78,0.0,10622,other,MORTGAGE,0,0,0,62.93,1,,0.02774,MEDIUM,APPROVED,0,0,600-700,75-100K,ONLINE,case-932035-919145
EC000001,2025-05-08 00:19:06,664,79801.0,30.49,4.0,11428,home_improvement,MORTGAGE,0,0,0,49.87,1,601.0,0.198648,VERY_HIGH,APPROVED,0,0,600-700,75-100K,ONLINE,case-561742-781022
EC000002,2025-01-17 02:17:42,693,87985.0,8.9,3.0,22531,other,RENT,0,0,0,58.34,0,714.0,0.009187,LOW,APPROVED,0,0,700-800,75-100K,ONLINE,case-342406-998845
EC000003,2025-02-15 11:00:23,728,75744.0,27.35,,14520,debt_consolidation,MORTGAGE,0,0,0,70.09,1,661.0,0.042065,HIGH,APPROVED,0,0,600-700,75-100K,ONLINE,case-184823-157190
EC000004,2025-04-27 09:50:35,593,60454.0,16.53,1.0,26516,other,OTHER,0,0,0,93.34,4,564.0,0.359693,VERY_HIGH,APPROVED,1,60,<600,50-75K,ONLINE,case-676129-917416
EC000005,2025-01-18 15:11:02,783,79823.0,13.32,,18955,credit_card,RENT,1,1,31,71.79,3,730.0,0.007166,LOW,APPROVED,0,30,700-800,75-100K,ONLINE,case-112674-631987
EC000006,46:27.6,665,57883.0,10.1,6.0,29804,other,MORTGAGE,1,6,55,28.14,0,719.0,0.016513,MEDIUM,APPROVED,0,0,700-800,50-75K,ONLINE,case-586419-886217
EC000007,2025-01-02 11:30:28,657,28457.0,15.63,9.0,17742,credit_card,OTHER,0,0,0,20.31,0,640.0,0.066178,HIGH,APPROVED,0,30,600-700,<50K,ONLINE,case-525008-760020
EC000008,2025-06-14 07:00:14,632,71148.0,7.26,20.0,17292,credit_card,RENT,0,0,0,64.42,1,658.0,0.042639,HIGH,APPROVED,0,0,600-700,50-75K,ONLINE,case-972194-024612
EC000009,2025-01-19 18:35:06,741,33254.0,18.64,1.0,16862,home_improvement,MORTGAGE,0,0,0,52.04,2,725.0,0.007232,LOW,APPROVED,0,0,700-800,<50K,ONLINE,case-822524-723328
EC000010,2025-05-02 10:15:55,727,37171.0,15.57,4.0,43402,credit_card,MORTGAGE,1,2,26,53.76,1,715.0,0.013956,LOW,APPROVED,0,0,700-800,<50K,ONLINE,case-330175-059705
EC000011,2025-01-16 05:57:44,758,50078.0,29.34,1.0,14811,other,RENT,0,0,0,20.15,1,728.0,0.006668,LOW,APPROVED,0,0,700-800,50-75K,ONLINE,case-469809-051793
EC000012,2025-05-10 10:38:32,739,89745.0,43.88,1.0,20971,major_purchase,RENT,0,0,0,39.97,1,681.0,0.024531,MEDIUM,APPROVED,0,0,600-700,75-100K,ONLINE,case-983252-711552
EC000013,2025-04-04 04:11:10,704,58187.0,13.04,,13055,home_improvement,RENT,0,0,0,40.32,0,707.0,0.016283,MEDIUM,APPROVED,0,0,700-800,50-75K,ONLINE,case-830383-266633
EC000014,46:27.6,708,170374.0,31.47,8.0,24873,debt_consolidation,RENT,0,0,0,13.01,2,725.0,0.009972,LOW,APPROVED,0,0,700-800,100K+,ONLINE,case-091297-066577
EC000015,2025-05-16 01:59:10,741,89279.0,17.45,6.0,43078,home_improvement,MORTGAGE,0,0,0,56.39,1,739.0,0.004333,LOW,APPROVED,0,0,700-800,75-100K,ONLINE,case-714738-591357
EC000016,46:27.6,642,,20.35,2.0,10072,major_purchase,RENT,2,5,27,50.94,1,649.0,0.087549,HIGH,APPROVED,0,0,600-700,50-75K,ONLINE,case-778461-571323
EC000017,46:27.6,687,25802.0,21.21,11.0,18479,credit_card,RENT,2,7,22,4.02,2,677.0,0.030034,MEDIUM,DECLINED,1,90,600-700,<50K,ONLINE,case-997063-275353
EC000018,2025-01-21 14:06:24,711,90557.0,22.81,2.0,21224,debt_consolidation,OTHER,1,4,4,40.32,4,662.0,0.052278,HIGH,APPROVED,0,0,600-700,75-100K,ONLINE,case-815391-264129
EC000019,2025-04-19 18:50:16,665,80640.0,28.32,6.0,13645,home_improvement,RENT,0,0,0,86.67,3,577.0,0.301386,VERY_HIGH,DECLINED,0,0,<600,75-100K,ONLINE,case-936335-818719
EC000020,2025-01-09 03:16:06,730,78747.0,12.24,9.0,20859,home_improvement,RENT,1,4,13,73.83,1,713.0,0.017145,MEDIUM,APPROVED,0,0,700-800,75-100K,ONLINE,case-961380-476528
EC000021,2025-05-26 07:08:08,671,67646.0,34.52,,12961,credit_card,MORTGAGE,1,5,17,62.74,0,643.0,0.06097,HIGH,APPROVED,0,30,600-700,50-75K,ONLINE,case-144751-446986
EC000022,2025-01-05 15:38:32,727,55026.0,11.98,8.0,28168,other,MORTGAGE,1,7,37,76.9,0,696.0,0.014745,LOW,APPROVED,0,0,600-700,50-75K,ONLINE,case-926449-681804
EC000023,2025-06-28 22:40:50,698,78673.0,29.46,4.0,41942,debt_consolidation,RENT,1,3,5,32.53,2,648.0,0.064084,HIGH,APPROVED,0,0,600-700,75-100K,ONLINE,case-031803-879017
EC000024,2025-06-26 20:39:50,715,42142.0,13.01,17.0,10767,credit_card,RENT,1,3,11,87.94,3,657.0,0.065395,HIGH,APPROVED,0,0,600-700,<50K,ONLINE,case-678453-294914
EC000025,46:27.6,607,36991.0,32.67,7.0,38206,major_purchase,MORTGAGE,0,0,0,65.83,1,557.0,0.40111,VERY_HIGH,DECLINED,0,0,<600,<50K,ONLINE,case-850093-618060
EC000026,2025-01-01 22:18:36,643,102876.0,24.14,1.0,20204,major_purchase,OWN,1,5,27,65.68,1,598.0,0.225856,VERY_HIGH,APPROVED,0,0,<600,100K+,ONLINE,case-398190-059608
EC000027,2025-02-01 11:02:58,764,48511.0,20.89,6.0,11243,credit_card,OWN,1,3,47,21.87,1,760.0,0.004854,LOW,APPROVED,0,0,700-800,<50K,ONLINE,case-856732-610643
EC000028,2025-06-15 09:34:55,700,50039.0,43.75,,9073,credit_card,OTHER,0,0,0,28.22,0,666.0,0.025736,MEDIUM,APPROVED,0,0,600-700,50-75K,ONLINE,case-669690-718408
EC000029,2025-01-27 13:19:29,686,74715.0,22.06,1.0,8671,other,OWN,2,4,54,64.12,3,636.0,0.107991,HIGH,DECLINED,1,90,600-700,50-75K,ONLINE,case-652095-888596
EC000030,46:27.6,743,139863.0,18.73,2.0,18300,home_improvement,RENT,1,6,3,65.76,0,734.0,0.008611,LOW,APPROVED,0,0,700-800,100K+,ONLINE,case-591319-072782
EC000031,46:27.6,731,148630.0,25.83,3.0,7052,debt_consolidation,MORTGAGE,1,4,55,72.01,2,639.0,0.064384,HIGH,DECLINED,0,30,600-700,100K+,ONLINE,case-147248-420868
EC000032,2025-02-05 18:03:07,687,93237.0,29.89,4.0,28368,debt_consolidation,MORTGAGE,0,0,0,76.61,2,633.0,0.082922,HIGH,DECLINED,0,0,600-700,75-100K,ONLINE,case-975597-511857
EC000033,2025-01-11 03:44:22,655,27878.0,28.42,16.0,13949,credit_card,RENT,4,2,18,38.26,1,541.0,0.475586,VERY_HIGH,DECLINED,0,0,<600,<50K,ONLINE,case-686973-728830
EC000034,2025-03-26 03:47:19,798,114662.0,33.24,7.0,21748,home_improvement,RENT,0,0,0,47.5,1,784.0,0.002156,LOW,APPROVED,0,0,700-800,100K+,ONLINE,case-857701-764053
EC000035,2025-03-21 21:48:41,728,135929.0,30.06,4.0,20181,debt_consolidation,RENT,0,0,0,82.91,3,662.0,0.034841,MEDIUM,APPROVED,0,0,600-700,100K+,ONLINE,case-337300-016125
EC000036,2025-04-20 06:39:48,604,66628.0,12.97,1.0,79678,debt_consolidation,RENT,1,5,31,61.48,0,623.0,0.123041,HIGH,APPROVED,0,0,600-700,50-75K,ONLINE,case-144085-034961
EC000037,46:27.6,736,88497.0,20.31,0.0,9813,other,OWN,0,0,0,79.95,2,712.0,0.016421,MEDIUM,APPROVED,0,0,700-800,75-100K,ONLINE,case-685394-221103
EC000038,2025-01-18 05:15:19,732,39757.0,23.18,8.0,29057,major_purchase,OWN,2,4,53,68.7,3,616.0,0.083125,HIGH,APPROVED,0,0,600-700,<50K,ONLINE,case-214236-170018
EC000039,46:27.6,735,46502.0,32.31,6.0,41224,major_purchase,RENT,0,0,0,72.55,1,656.0,0.053951,HIGH,DECLINED,0,0,600-700,<50K,ONLINE,case-751693-735997
EC000040,46:27.6,668,,12.68,13.0,17312,debt_consolidation,MORTGAGE,0,0,0,64.24,0,654.0,0.050097,HIGH,APPROVED,0,60,600-700,50-75K,ONLINE,case-617974-180710
EC000041,46:27.6,771,62373.0,24.29,8.0,20468,debt_consolidation,RENT,0,0,0,71.0,1,738.0,0.005087,LOW,APPROVED,0,0,700-800,50-75K,ONLINE,case-904057-633798
EC000042,46:27.6,649,61201.0,28.17,3.0,18512,debt_consolidation,RENT,0,0,0,57.28,1,642.0,0.075167,HIGH,APPROVED,0,0,600-700,50-75K,ONLINE,case-878327-764484
EC000043,2025-05-13 23:33:59,757,74851.0,10.8,2.0,21766,home_improvement,RENT,0,0,0,54.94,1,,0.001801,LOW,APPROVED,0,0,700-800,50-75K,ONLINE,case-342942-162165
EC000044,2025-05-27 00:47:12,706,58791.0,23.71,4.0,31123,other,RENT,1,6,55,81.23,3,592.0,0.15383,HIGH,APPROVED,0,0,<600,50-75K,ONLINE,case-249036-687906
EC000045,2025-01-13 00:49:09,783,117533.0,24.87,12.0,17160,credit_card,OTHER,0,0,0,83.41,0,762.0,0.002681,LOW,APPROVED,0,0,700-800,100K+,ONLINE,case-029174-412732
EC000046,2025-05-13 04:04:31,669,30220.0,20.87,2.0,11090,debt_consolidation,MORTGAGE,1,2,49,67.01,0,639.0,0.072629,HIGH,APPROVED,0,0,600-700,<50K,ONLINE,case-533329-544325
EC000047,46:27.6,728,115887.0,22.33,4.0,27467,major_purchase,RENT,0,0,0,31.11,0,736.0,0.005043,LOW,APPROVED,0,0,700-800,100K+,ONLINE,case-013435-157119
EC000048,46:27.6,736,102690.0,18.14,1.0,43466,debt_consolidation,OTHER,1,4,30,30.07,0,714.0,0.007557,LOW,APPROVED,0,0,700-800,100K+,ONLINE,case-495144-504243
EC000049,2025-05-07 23:48:45,672,63551.0,13.02,3.0,9207,other,MORTGAGE,0,0,0,52.12,1,711.0,0.022006,MEDIUM,APPROVED,0,0,700-800,50-75K,ONLINE,case-341081-984159
EC000050,2025-03-05 21:27:54,691,56112.0,22.98,,63854,home_improvement,RENT,0,0,0,49.94,3,690.0,0.02932,MEDIUM,APPROVED,0,0,600-700,50-75K,ONLINE,case-327804-397883
EC000051,2025-01-08 22:40:37,667,86611.0,25.0,5.0,25254,other,RENT,2,5,44,35.92,1,652.0,0.072509,HIGH,APPROVED,0,0,600-700,75-100K,ONLINE,case-869598-711679
EC000052,2025-06-29 18:57:11,716,50850.0,14.71,4.0,16743,major_purchase,RENT,1,5,8,2.49,4,714.0,0.011279,LOW,APPROVED,0,0,700-800,50-75K,ONLINE,case-753816-459715
EC000053,46:27.6,728,83447.0,24.47,,10846,credit_card,OWN,0,0,0,90.97,1,640.0,0.042426,HIGH,APPROVED,0,0,600-700,75-100K,ONLINE,case-666413-821460
EC000054,2025-03-08 22:41:34,674,69800.0,15.67,2.0,9981,debt_consolidation,OWN,0,0,0,0.0,1,706.0,0.012498,LOW,APPROVED,0,0,700-800,50-75K,ONLINE,case-439248-898978
EC000055,46:27.6,709,43001.0,34.82,2.0,28966,home_improvement,RENT,0,0,0,71.3,1,642.0,0.076329,HIGH,APPROVED,0,0,600-700,<50K,ONLINE,case-572417-954208
EC000056,2025-02-05 04:34:11,658,124562.0,50.18,1.0,15329,debt_consolidation,MORTGAGE,2,3,39,67.21,5,535.0,0.518563,VERY_HIGH,DECLINED,0,0,<600,100K+,ONLINE,case-605978-539709
EC000057,2025-04-15 13:48:13,661,91462.0,19.99,19.0,15437,debt_consolidation,MORTGAGE,0,0,0,74.28,1,621.0,0.096502,HIGH,APPROVED,0,0,600-700,75-100K,ONLINE,case-305987-583226
EC000058,46:27.6,584,72297.0,39.18,1.0,16500,home_improvement,RENT,1,4,11,6.67,2,552.0,0.454821,VERY_HIGH,DECLINED,1,90,<600,50-75K,ONLINE,case-810475-097347
EC000059,2025-04-03 14:13:25,625,141464.0,14.96,10.0,17787,home_improvement,MORTGAGE,0,0,0,72.14,0,672.0,0.054799,HIGH,APPROVED,0,0,600-700,100K+,ONLINE,case-109921-403147
EC000060,2025-03-09 10:52:07,653,121318.0,21.17,17.0,11964,other,RENT,0,0,0,34.23,0,659.0,0.048434,HIGH,APPROVED,0,0,600-700,100K+,ONLINE,case-095207-403942
EC000061,46:27.6,696,58286.0,1.0,3.0,19049,debt_consolidation,OWN,1,3,26,12.5,1,737.0,0.006162,LOW,APPROVED,0,0,700-800,50-75K,ONLINE,case-039198-855583
EC000062,2025-04-24 19:04:45,774,67957.0,18.13,,27877,credit_card,OWN,0,0,0,22.03,1,775.0,0.001817,LOW,APPROVED,0,0,700-800,50-75K,ONLINE,case-914613-104978
EC000063,2025-03-18 14:56:40,705,69807.0,29.28,2.0,15828,credit_card,MORTGAGE,1,3,1,60.23,1,645.0,0.092061,HIGH,APPROVED,0,0,600-700,50-75K,ONLINE,case-293282-357460
EC000064,2025-03-28 19:42:20,695,,15.63,14.0,5684,other,MORTGAGE,2,2,43,40.66,1,680.0,0.028808,MEDIUM,APPROVED,0,0,600-700,75-100K,ONLINE,case-077102-916687
EC000065,46:27.6,709,94737.0,29.6,1.0,11199,credit_card,RENT,1,8,23,46.61,1,645.0,0.063317,HIGH,APPROVED,0,0,600-700,75-100K,ONLINE,case-624851-090834
EC000066,2025-02-22 04:06:32,613,75686.0,27.03,11.0,22836,credit_card,MORTGAGE,2,2,40,16.15,0,609.0,0.141212,HIGH,DECLINED,0,0,600-700,75-100K,ONLINE,case-641566-695118
EC000067,2025-01-13 08:39:14,693,68167.0,28.34,11.0,22998,home_improvement,RENT,0,0,0,45.01,3,626.0,0.088977,HIGH,DECLINED,0,0,600-700,50-75K,ONLINE,case-209069-942865
EC000068,2025-04-01 09:23:53,642,34604.0,25.45,9.0,9485,home_improvement,RENT,0,0,0,15.86,1,698.0,0.018146,MEDIUM,APPROVED,0,60,600-700,<50K,ONLINE,case-974900-869643
EC000069,46:27.6,658,55417.0,19.79,0.0,64881,credit_card,MORTGAGE,2,6,37,51.53,2,616.0,0.204481,VERY_HIGH,APPROVED,1,120,600-700,50-75K,ONLINE,case-231758-180037
EC000070,46:27.6,802,52875.0,29.35,7.0,6788,home_improvement,MORTGAGE,0,0,0,6.86,2,792.0,0.001494,LOW,APPROVED,0,0,700-800,50-75K,ONLINE,case-422245-312562
EC000071,46:27.6,792,59144.0,30.49,1.0,33935,credit_card,RENT,2,6,21,69.6,1,708.0,0.015384,LOW,APPROVED,0,0,700-800,50-75K,ONLINE,case-567702-446933
EC000072,2025-04-21 04:13:01,744,45964.0,10.97,1.0,19633,major_purchase,MORTGAGE,0,0,0,42.06,1,770.0,0.002151,LOW,APPROVED,0,0,700-800,<50K,ONLINE,case-674233-553345
EC000073,46:27.6,720,53292.0,27.92,3.0,18361,major_purchase,RENT,0,0,0,39.99,1,692.0,0.021896,MEDIUM,APPROVED,0,0,600-700,50-75K,ONLINE,case-397211-406992
EC000074,46:27.6,718,38568.0,9.07,4.0,7466,home_improvement,OWN,0,0,0,39.21,1,686.0,0.016256,MEDIUM,APPROVED,0,0,600-700,<50K,ONLINE,case-190960-710173
EC000075,2025-04-05 22:04:17,637,64073.0,35.42,1.0,12944,major_purchase,MORTGAGE,1,3,18,36.07,1,609.0,0.21038,VERY_HIGH,DECLINED,0,30,600-700,50-75K,ONLINE,case-429132-371691
EC000076,2025-05-25 20:41:07,621,36922.0,11.92,4.0,18190,debt_consolidation,OWN,1,1,34,47.6,3,567.0,0.319367,VERY_HIGH,DECLINED,0,0,<600,<50K,ONLINE,case-453067-908299
EC000077,46:27.6,708,130940.0,21.5,4.0,20867,home_improvement,OWN,0,0,0,42.33,0,741.0,0.006524,LOW,APPROVED,0,0,700-800,100K+,ONLINE,case-684975-400205
EC000078,2025-02-12 19:14:46,665,53393.0,27.36,19.0,23977,other,OTHER,1,5,17,76.63,1,650.0,0.060055,HIGH,APPROVED,0,30,600-700,50-75K,ONLINE,case-942642-899194
EC000079,2025-04-30 01:07:18,647,119569.0,19.92,,20830,credit_card,RENT,0,0,0,13.76,2,705.0,0.021103,MEDIUM,APPROVED,0,0,700-800,100K+,ONLINE,case-956707-086620
EC000080,2025-05-14 12:00:09,686,60241.0,31.45,6.0,9075,debt_consolidation,RENT,1,5,7,64.56,3,595.0,0.235879,VERY_HIGH,APPROVED,1,120,<600,50-75K,ONLINE,case-963400-218576
EC000081,2025-05-26 09:15:29,686,66189.0,20.47,,7233,major_purchase,MORTGAGE,0,0,0,14.05,4,701.0,0.018764,MEDIUM,APPROVED,0,0,700-800,50-75K,ONLINE,case-462482-428275
EC000082,2025-03-13 06:12:25,700,123347.0,16.48,1.0,49047,home_improvement,RENT,0,0,0,43.67,1,665.0,0.026647,MEDIUM,APPROVED,0,0,600-700,100K+,ONLINE,case-210727-798080
EC000083,2025-02-10 01:27:22,649,58595.0,26.74,0.0,12705,home_improvement,MORTGAGE,0,0,0,55.27,0,616.0,0.100983,HIGH,APPROVED,0,0,600-700,50-75K,ONLINE,case-537823-890726
EC000084,2025-01-13 09:41:51,691,144598.0,22.54,0.0,12203,debt_consolidation,RENT,0,0,0,38.37,0,729.0,0.005734,LOW,APPROVED,0,0,700-800,100K+,ONLINE,case-331642-013869
EC000085,2025-02-24 08:00:41,622,45643.0,23.16,2.0,17177,major_purchase,MORTGAGE,0,0,0,45.04,2,625.0,0.081836,HIGH,APPROVED,0,0,600-700,<50K,ONLINE,case-483552-642671
EC000086,2025-03-09 20:45:27,757,79000.0,33.58,11.0,24600,debt_consolidation,MORTGAGE,0,0,0,24.82,0,732.0,0.005517,LOW,APPROVED,0,0,700-800,75-100K,ONLINE,case-596359-687511
EC000087,2025-02-05 00:45:52,774,84415.0,11.09,9.0,61180,major_purchase,RENT,1,5,36,34.34,1,775.0,0.002818,LOW,APPROVED,0,30,700-800,75-100K,ONLINE,case-726680-793829
EC000088,2025-05-26 15:44:39,629,66920.0,26.39,,7194,credit_card,OTHER,0,0,0,39.22,1,629.0,0.091604,HIGH,APPROVED,0,0,600-700,50-75K,ONLINE,case-592075-835080
EC000089,46:27.6,714,49301.0,22.43,2.0,29019,other,RENT,0,0,0,52.41,1,665.0,0.03872,MEDIUM,APPROVED,0,0,600-700,<50K,ONLINE,case-316121-734287
EC000090,2025-03-21 02:40:02,678,121549.0,37.93,14.0,9438,debt_consolidation,OWN,0,0,0,33.09,2,621.0,1.5,HIGH,DECLINED,0,0,600-700,100K+,ONLINE,case-995431-487422
EC000091,2025-03-06 01:22:14,696,53862.0,27.27,9.0,14611,major_purchase,MORTGAGE,0,0,0,55.25,2,667.0,0.028751,MEDIUM,DECLINED,0,0,600-700,50-75K,ONLINE,case-357262-220127
EC000092,2025-02-08 14:11:40,693,65746.0,16.96,0.0,17123,major_purchase,RENT,1,4,10,11.21,0,703.0,0.010208,LOW,DECLINED,0,0,700-800,50-75K,ONLINE,case-987717-740982
EC000093,2025-03-12 07:44:30,756,33358.0,25.21,,26738,debt_consolidation,OWN,0,0,0,41.56,1,763.0,0.003987,LOW,APPROVED,0,0,700-800,<50K,ONLINE,case-241657-817102
EC000094,2025-02-17 23:39:46,720,,27.86,5.0,20762,debt_consolidation,RENT,0,0,0,62.49,2,648.0,0.060525,HIGH,DECLINED,1,120,600-700,50-75K,ONLINE,case-234943-920973
EC000095,2025-06-02 17:26:13,642,29640.0,28.79,3.0,39142,major_purchase,MORTGAGE,2,2,49,42.0,0,596.0,0.227945,VERY_HIGH,APPROVED,0,0,<600,<50K,ONLINE,case-806330-702643
EC000096,46:27.6,694,108574.0,20.26,,10272,other,MORTGAGE,2,5,18,52.46,0,,0.020323,MEDIUM,APPROVED,0,0,600-700,100K+,ONLINE,case-313727-518993
EC000097,2025-03-24 23:11:39,689,82249.0,22.4,20.0,28704,other,RENT,1,8,23,53.57,1,674.0,0.023908,MEDIUM,APPROVED,0,0,600-700,75-100K,ONLINE,case-019389-583828
EC000098,2025-03-18 16:40:30,646,120677.0,14.91,,14678,debt_consolidation,OWN,1,6,44,49.85,1,673.0,0.03036,MEDIUM,APPROVED,0,0,600-700,100K+,ONLINE,case-389479-523882
EC000099,2025-06-19 03:29:55,701,61796.0,27.37,,4803,home_improvement,OWN,1,6,27,19.9,1,,0.014743,LOW,APPROVED,0,0,600-700,50-75K,ONLINE,case-977145-488052
EC000100,2025-03-22 21:52:27,689,103376.0,18.93,7.0,21328,debt_consolidation,MORTGAGE,0,0,0,36.85,0,,0.012263,LOW,APPROVED,0,30,700-800,100K+,ONLINE,case-035053-349323
EC000101,2025-05-26 17:17:36,765,123243.0,14.52,,22345,debt_consolidation,RENT,2,5,7,52.66,1,714.0,0.010911,LOW,APPROVED,0,0,700-800,100K+,ONLINE,case-362966-114765
EC000102,2025-02-25 20:07:54,680,40942.0,24.88,12.0,27248,major_purchase,OWN,0,0,0,59.68,2,676.0,0.030728,MEDIUM,APPROVED,1,90,600-700,<50K,ONLINE,case-522653-060505
EC000103,2025-04-19 04:07:05,714,49380.0,28.47,,46359,home_improvement,MORTGAGE,0,0,0,35.95,0,722.0,0.009132,LOW,APPROVED,0,0,700-800,<50K,ONLINE,case-625048-053304
EC000104,46:27.6,566,43855.0,22.04,2.0,73321,home_improvement,OWN,1,7,36,60.75,0,559.0,0.428046,VERY_HIGH,DECLINED,0,0,<600,<50K,ONLINE,case-265608-974183
EC000105,46:27.6,598,,30.37,3.0,17359,debt_consolidation,MORTGAGE,2,6,55,11.4,1,563.0,0.352775,VERY_HIGH,DECLINED,0,30,<600,75-100K,ONLINE,case-757873-703142
EC000106,2025-05-15 18:13:20,708,102978.0,17.46,13.0,30679,home_improvement,RENT,2,5,21,92.17,1,636.0,0.077997,HIGH,APPROVED,0,0,600-700,100K+,ONLINE,case-674577-218055
EC000107,2025-04-23 09:42:18,697,,20.18,11.0,25779,debt_consolidation,MORTGAGE,0,0,0,49.69,3,,0.016009,MEDIUM,APPROVED,0,0,600-700,75-100K,ONLINE,case-893362-312037
EC000108,2025-03-12 20:19:33,740,39451.0,32.53,,36521,home_improvement,MORTGAGE,2,3,53,29.0,0,679.0,0.024994,MEDIUM,APPROVED,0,0,600-700,<50K,ONLINE,case-964581-336822
EC000109,2025-05-27 23:11:59,627,61194.0,17.74,6.0,10692,home_improvement,MORTGAGE,0,0,0,57.17,2,622.0,0.116355,HIGH,DECLINED,0,0,600-700,50-75K,ONLINE,case-427389-380122
EC000110,46:27.6,674,57042.0,33.64,,31679,major_purchase,MORTGAGE,0,0,0,4.62,1,654.0,0.063439,HIGH,DECLINED,0,0,600-700,50-75K,ONLINE,case-118959-430581
EC000111,2025-05-13 06:58:22,553,37661.0,38.73,10.0,22221,other,MORTGAGE,0,0,0,17.06,1,517.0,0.633843,VERY_HIGH,DECLINED,0,0,<600,<50K,ONLINE,case-178106-751485
EC000112,2025-05-28 04:00:53,644,106260.0,29.79,1.0,9090,credit_card,RENT,0,0,0,60.66,0,603.0,0.121473,HIGH,DECLINED,0,30,600-700,100K+,ONLINE,case-714088-128558
EC000113,46:27.6,666,161596.0,26.58,2.0,15009,other,RENT,1,6,7,53.17,2,612.0,0.088444,HIGH,APPROVED,0,0,600-700,100K+,ONLINE,case-450125-479632
EC000114,2025-04-14 15:52:31,685,,20.71,11.0,8482,debt_consolidation,MORTGAGE,1,1,17,59.6,1,657.0,0.043788,HIGH,APPROVED,0,30,600-700,100K+,ONLINE,case-543221-427123
EC000115,2025-06-29 05:29:16,659,48221.0,33.96,,8313,debt_consolidation,MORTGAGE,1,2,16,46.97,0,558.0,0.348627,VERY_HIGH,DECLINED,1,120,<600,<50K,ONLINE,case-995308-560211
EC000116,2025-02-24 23:43:46,742,,29.72,3.0,15802,home_improvement,MORTGAGE,0,0,0,50.31,2,698.0,0.019119,MEDIUM,APPROVED,0,0,600-700,100K+,ONLINE,case-769030-137623
EC000117,2025-03-29 12:06:23,610,27184.0,16.32,,20180,debt_consolidation,RENT,1,2,27,75.34,1,598.0,0.262327,VERY_HIGH,APPROVED,0,0,<600,<50K,ONLINE,case-274567-467141
EC000118,2025-02-16 11:52:59,619,36480.0,18.1,7.0,34441,credit_card,OWN,0,0,0,2.75,0,592.0,0.177473,HIGH,APPROVED,0,0,<600,<50K,ONLINE,case-979536-994801
EC000119,46:27.6,715,,31.51,1.0,23217,credit_card,MORTGAGE,1,5,3,58.11,1,675.0,0.041563,HIGH,APPROVED,0,0,600-700,75-100K,ONLINE,case-317324-720139
EC000120,46:27.6,669,44148.0,23.87,,26635,credit_card,RENT,2,3,57,53.26,0,631.0,0.117747,HIGH,DECLINED,1,90,600-700,<50K,ONLINE,case-759261-117287
EC000121,46:27.6,764,54960.0,42.65,0.0,23678,credit_card,MORTGAGE,1,4,23,42.56,2,683.0,0.018993,MEDIUM,APPROVED,0,0,600-700,50-75K,ONLINE,case-367027-826661
EC000122,46:27.6,728,137298.0,25.78,6.0,27781,other,RENT,0,0,0,35.73,0,,0.00755,LOW,APPROVED,0,0,700-800,100K+,ONLINE,case-726748-400347
EC000123,2025-05-28 23:47:44,708,57867.0,19.73,24.0,20533,major_purchase,OTHER,0,0,0,62.33,3,678.0,0.032825,MEDIUM,APPROVED,0,0,600-700,50-75K,ONLINE,case-472462-470756
EC000124,2025-06-05 06:56:25,596,83632.0,38.11,0.0,17529,major_purchase,OWN,1,1,58,83.86,2,542.0,0.443842,VERY_HIGH,DECLINED,1,90,<600,75-100K,ONLINE,case-477410-260886
EC000125,2025-01-16 20:46:24,656,58502.0,30.5,0.0,9880,debt_consolidation,MORTGAGE,0,0,0,56.76,0,620.0,0.089688,HIGH,APPROVED,0,0,600-700,50-75K,ONLINE,case-371354-630060
EC000126,2025-01-23 03:29:45,705,84311.0,24.1,1.0,17050,major_purchase,RENT,0,0,0,48.9,3,,0.020774,MEDIUM,APPROVED,0,0,600-700,75-100K,ONLINE,case-522387-460512
EC000127,46:27.6,655,95263.0,25.46,8.0,6949,other,MORTGAGE,1,4,37,72.37,1,562.0,0.338477,VERY_HIGH,DECLINED,0,0,<600,75-100K,ONLINE,case-976271-758535
EC000128,2025-02-11 17:41:34,706,57130.0,22.01,10.0,7971,home_improvement,OWN,0,0,0,49.44,3,648.0,0.049597,HIGH,APPROVED,0,0,600-700,50-75K,ONLINE,case-179624-190806
EC000129,2025-05-09 17:34:37,706,43388.0,22.98,3.0,29883,other,RENT,2,5,57,100.0,4,589.0,0.256873,VERY_HIGH,APPROVED,0,30,<600,<50K,ONLINE,case-871452-423120
EC000130,2025-04-23 19:46:11,644,,22.56,5.0,33345,major_purchase,OWN,0,0,0,45.57,0,642.0,0.070591,HIGH,APPROVED,0,0,600-700,75-100K,ONLINE,case-013229-972368
EC000131,2025-06-14 20:01:19,629,37097.0,35.41,3.0,9658,other,RENT,2,4,22,79.65,0,583.0,0.270075,VERY_HIGH,DECLINED,1,90,<600,<50K,ONLINE,case-190153-782159
EC000132,46:27.6,743,,18.63,3.0,10694,credit_card,RENT,1,5,21,32.26,1,739.0,0.008403,LOW,APPROVED,0,0,700-800,75-100K,ONLINE,case-881105-740247
EC000133,2025-06-03 03:07:29,693,72337.0,25.51,,18584,home_improvement,MORTGAGE,0,0,0,38.8,2,652.0,0.073566,HIGH,APPROVED,0,0,600-700,50-75K,ONLINE,case-918330-036335
EC000134,2025-06-10 21:44:31,693,86486.0,14.51,6.0,48637,home_improvement,RENT,1,2,45,32.94,1,684.0,0.015376,LOW,APPROVED,0,0,600-700,75-100K,ONLINE,case-334471-531410
EC000135,2025-02-27 14:48:44,743,31213.0,42.33,,27852,major_purchase,OTHER,2,2,44,44.24,0,633.0,0.106905,HIGH,APPROVED,0,0,600-700,<50K,ONLINE,case-215878-531911
EC000136,46:27.6,785,123149.0,27.23,1.0,26157,credit_card,RENT,1,4,20,48.28,4,718.0,0.010015,LOW,APPROVED,0,0,700-800,100K+,ONLINE,case-711966-132538
EC000137,2025-02-25 20:58:47,535,,8.53,2.0,23280,other,RENT,0,0,0,55.17,2,604.0,0.178588,HIGH,APPROVED,0,0,600-700,50-75K,ONLINE,case-798893-707004
EC000138,2025-05-07 11:40:24,770,52333.0,7.59,6.0,18682,major_purchase,MORTGAGE,0,0,0,41.26,4,724.0,0.010689,LOW,APPROVED,0,0,700-800,50-75K,ONLINE,case-102570-517046
EC000139,2025-04-15 08:09:20,745,28242.0,16.6,10.0,13258,debt_consolidation,RENT,0,0,0,68.53,1,721.0,0.014935,LOW,APPROVED,0,0,700-800,<50K,ONLINE,case-543946-494124
EC000140,2025-01-18 02:05:30,674,51804.0,41.16,13.0,16672,credit_card,MORTGAGE,1,8,41,85.76,3,561.0,0.439527,VERY_HIGH,DECLINED,1,90,<600,50-75K,ONLINE,case-176982-268117
EC000141,46:27.6,755,39844.0,25.58,4.0,39436,debt_consolidation,RENT,2,3,53,52.44,1,666.0,0.037628,MEDIUM,APPROVED,0,0,600-700,<50K,ONLINE,case-584601-566881
EC000142,2025-05-28 12:12:29,685,98868.0,19.46,,17891,other,OWN,0,0,0,35.14,2,683.0,0.027902,MEDIUM,APPROVED,0,0,600-700,75-100K,ONLINE,case-756880-761507
EC000143,46:27.6,778,54280.0,34.1,1.0,64319,credit_card,OWN,0,0,0,67.02,2,709.0,0.008437,LOW,APPROVED,0,0,700-800,50-75K,ONLINE,case-295104-702918
EC000144,46:27.6,753,46149.0,32.01,15.0,55041,home_improvement,MORTGAGE,0,0,0,55.11,0,,0.008312,LOW,APPROVED,0,0,700-800,<50K,ONLINE,case-870685-162596
EC000145,2025-04-25 09:24:47,713,106938.0,20.4,11.0,15791,home_improvement,MORTGAGE,0,0,0,47.11,1,703.0,0.01563,MEDIUM,APPROVED,0,0,700-800,100K+,ONLINE,case-097110-729238
EC000146,2025-02-22 05:56:57,656,32941.0,25.64,0.0,11809,other,MORTGAGE,0,0,0,73.78,1,598.0,0.147286,HIGH,APPROVED,0,0,<600,<50K,ONLINE,case-191293-762676
EC000147,2025-06-04 12:06:34,695,36742.0,15.79,,7551,major_purchase,MORTGAGE,1,4,3,58.6,0,659.0,0.031475,MEDIUM,APPROVED,0,0,600-700,<50K,ONLINE,case-020390-155391
EC000148,2025-01-05 19:00:04,642,45831.0,11.62,,37945,credit_card,OWN,0,0,0,81.9,1,603.0,0.126216,HIGH,APPROVED,0,0,600-700,<50K,ONLINE,case-965337-936978
EC000149,2025-01-31 09:33:37,651,,15.37,4.0,13147,home_improvement,MORTGAGE,0,0,0,40.39,1,636.0,0.064421,HIGH,APPROVED,0,0,600-700,100K+,ONLINE,case-530094-700837
EC000150,2025-04-08 09:27:46,700,45150.0,37.43,20.0,16553,credit_card,OWN,0,0,0,24.9,1,642.0,0.07959,HIGH,APPROVED,0,0,600-700,<50K,ONLINE,case-806086-393260
EC000151,46:27.6,683,,15.16,6.0,43206,major_purchase,MORTGAGE,0,0,0,7.99,0,704.0,0.013696,LOW,APPROVED,0,0,700-800,50-75K,ONLINE,case-806736-166482
EC000152,46:27.6,653,46943.0,35.5,13.0,12555,credit_card,MORTGAGE,1,3,59,82.24,4,549.0,0.413847,VERY_HIGH,DECLINED,0,0,<600,<50K,ONLINE,case-664556-270826
EC000153,46:27.6,781,37169.0,5.51,,28528,debt_consolidation,MORTGAGE,1,5,21,38.11,0,768.0,0.002525,LOW,APPROVED,0,0,700-800,<50K,ONLINE,case-808883-391740
EC000154,2025-05-15 21:59:01,660,54636.0,8.72,2.0,21033,credit_card,RENT,1,4,17,30.57,2,685.0,-0.1,MEDIUM,APPROVED,0,0,600-700,50-75K,ONLINE,case-380096-259334
EC000155,2025-06-09 06:32:21,688,67959.0,34.89,3.0,11016,home_improvement,MORTGAGE,0,0,0,81.61,1,609.0,0.137644,HIGH,APPROVED,0,0,600-700,50-75K,ONLINE,case-324767-346418
EC000156,2025-04-06 05:59:53,690,33544.0,21.38,8.0,8975,credit_card,MORTGAGE,0,0,0,61.96,0,676.0,0.023872,MEDIUM,APPROVED,0,0,600-700,<50K,ONLINE,case-793939-644399
EC000157,2025-06-17 09:16:53,570,61842.0,20.67,,42397,credit_card,RENT,0,0,0,32.93,2,635.0,0.136093,HIGH,DECLINED,0,0,600-700,50-75K,ONLINE,case-349701-673203
EC000158,2025-04-07 17:00:46,834,21542.0,40.97,11.0,9891,debt_consolidation,RENT,1,4,16,42.1,1,716.0,0.008327,LOW,APPROVED,0,0,700-800,<50K,ONLINE,case-290780-884707
EC000159,46:27.6,658,39436.0,29.3,15.0,31308,other,RENT,0,0,0,16.86,0,627.0,0.109212,HIGH,APPROVED,0,0,600-700,<50K,ONLINE,case-734096-023038
EC000160,2025-02-09 11:16:35,731,90772.0,23.96,,20908,major_purchase,MORTGAGE,0,0,0,34.69,0,752.0,0.005149,LOW,APPROVED,0,0,700-800,75-100K,ONLINE,case-299121-192482
EC000161,2025-04-02 07:08:51,572,55578.0,30.44,16.0,16201,major_purchase,RENT,0,0,0,34.72,4,569.0,0.340833,VERY_HIGH,APPROVED,1,90,<600,50-75K,ONLINE,case-796901-898863
EC000162,2025-01-19 07:07:21,681,81994.0,13.72,19.0,33582,debt_consolidation,MORTGAGE,0,0,0,43.13,1,715.0,0.010003,LOW,APPROVED,0,0,700-800,75-100K,ONLINE,case-964290-782852
EC000163,2025-05-22 03:04:20,600,101608.0,19.43,11.0,9484,credit_card,OWN,0,0,0,55.02,1,607.0,0.20327,VERY_HIGH,APPROVED,0,0,600-700,100K+,ONLINE,case-201283-402522
EC000164,2025-05-10 15:57:49,662,83073.0,25.89,8.0,38804,credit_card,RENT,0,0,0,33.63,1,685.0,0.024006,MEDIUM,APPROVED,0,0,600-700,75-100K,ONLINE,case-214701-898013
EC000165,2025-03-10 20:40:47,760,72196.0,18.85,5.0,23176,debt_consolidation,RENT,0,0,0,66.15,0,714.0,0.013071,LOW,APPROVED,0,0,700-800,50-75K,ONLINE,case-361179-749421
EC000166,46:27.6,733,84742.0,28.88,1.0,7922,major_purchase,MORTGAGE,0,0,0,70.27,2,655.0,0.048718,HIGH,APPROVED,0,0,600-700,75-100K,ONLINE,case-014062-025122
EC000167,2025-06-12 08:41:19,724,65672.0,9.26,17.0,13470,credit_card,RENT,0,0,0,25.75,0,732.0,0.01045,LOW,APPROVED,0,0,700-800,50-75K,ONLINE,case-107195-273371
EC000168,2025-03-13 07:41:20,718,53123.0,41.41,1.0,45156,major_purchase,MORTGAGE,0,0,0,7.79,1,626.0,0.081481,HIGH,APPROVED,0,0,600-700,50-75K,ONLINE,case-315806-314049
EC000169,2025-01-05 17:10:07,593,86188.0,16.64,2.0,42334,home_improvement,MORTGAGE,0,0,0,39.84,2,,1.05,VERY_HIGH,APPROVED,0,0,<600,75-100K,ONLINE,case-662440-082480
EC000170,2025-02-27 18:40:24,627,75539.0,14.31,2.0,21557,major_purchase,MORTGAGE,1,6,42,12.16,0,634.0,0.067839,HIGH,APPROVED,0,0,600-700,75-100K,ONLINE,case-776295-215093
EC000171,46:27.6,720,67601.0,25.25,,15511,credit_card,RENT,0,0,0,0.0,0,752.0,0.003933,LOW,APPROVED,0,0,700-800,50-75K,ONLINE,case-644189-015328
EC000172,46:27.6,765,124401.0,29.82,12.0,78613,other,RENT,3,7,9,48.43,3,652.0,0.050149,HIGH,APPROVED,0,0,600-700,100K+,ONLINE,case-651031-204388
EC000173,2025-01-25 19:33:30,715,73155.0,15.84,3.0,22100,home_improvement,MORTGAGE,1,4,18,46.16,0,737.0,0.006266,LOW,APPROVED,0,0,700-800,50-75K,ONLINE,case-790178-528650
EC000174,2025-03-06 08:26:54,721,181057.0,21.93,8.0,82997,home_improvement,MORTGAGE,3,0,44,29.87,1,684.0,0.019988,MEDIUM,APPROVED,0,0,600-700,100K+,ONLINE,case-322264-909742
EC000175,2025-06-27 16:54:00,720,35234.0,19.17,,31098,home_improvement,OTHER,0,0,0,41.76,1,,0.022967,MEDIUM,APPROVED,0,0,600-700,<50K,ONLINE,case-604392-791285
EC000176,2025-04-09 07:52:51,728,,9.73,,13505,home_improvement,RENT,2,4,18,25.5,1,693.0,0.013099,LOW,APPROVED,0,0,600-700,75-100K,ONLINE,case-868937-967517
EC000177,2025-06-24 15:11:05,716,64779.0,21.76,2.0,30831,major_purchase,RENT,1,3,55,51.86,2,629.0,0.070254,HIGH,APPROVED,0,0,600-700,50-75K,ONLINE,case-117274-101419
EC000178,2025-02-23 06:20:25,629,98311.0,23.81,10.0,17721,home_improvement,MORTGAGE,0,0,0,0.0,1,624.0,0.097642,HIGH,DECLINED,0,0,600-700,75-100K,ONLINE,case-648553-255126
EC000179,2025-02-24 02:55:48,744,53255.0,25.27,2.0,10506,credit_card,MORTGAGE,1,3,22,49.06,2,691.0,0.016355,MEDIUM,APPROVED,0,0,600-700,50-75K,ONLINE,case-461719-450884
EC000180,2025-01-08 21:47:04,640,119504.0,18.57,0.0,41210,credit_card,MORTGAGE,1,4,47,29.23,1,639.0,0.060039,HIGH,APPROVED,0,0,600-700,100K+,ONLINE,case-462658-397370
EC000181,2025-06-18 04:00:19,609,111378.0,26.92,3.0,29445,home_improvement,MORTGAGE,0,0,0,29.11,2,598.0,0.165565,HIGH,APPROVED,0,0,<600,100K+,ONLINE,case-490647-378694
EC000182,2025-05-11 05:23:17,697,80607.0,21.52,23.0,16421,credit_card,MORTGAGE,1,2,35,42.09,0,672.0,0.026626,MEDIUM,DECLINED,0,0,600-700,75-100K,ONLINE,case-421680-209452
EC000183,46:27.6,617,,38.27,12.0,24970,other,RENT,0,0,0,11.65,2,,0.167875,HIGH,DECLINED,0,0,600-700,<50K,ONLINE,case-731505-825723
EC000184,2025-04-05 08:23:59,631,64558.0,22.27,,10657,major_purchase,OWN,1,4,34,38.1,1,597.0,0.22134,VERY_HIGH,DECLINED,0,0,<600,50-75K,ONLINE,case-328817-069937
EC000185,46:27.6,696,46320.0,26.64,2.0,15979,other,MORTGAGE,2,4,3,52.19,0,602.0,0.222317,VERY_HIGH,APPROVED,0,0,600-700,<50K,ONLINE,case-242345-439977
EC000186,2025-03-16 15:34:49,645,64967.0,26.86,12.0,41327,other,RENT,0,0,0,47.68,3,640.0,0.073932,HIGH,DECLINED,0,0,600-700,50-75K,ONLINE,case-516569-400724
EC000187,2025-01-17 22:24:21,641,,19.58,19.0,27240,home_improvement,OTHER,2,3,33,31.11,3,590.0,0.191066,VERY_HIGH,APPROVED,0,0,<600,<50K,ONLINE,case-793016-657856
EC000188,2025-04-26 05:17:36,715,37857.0,28.31,1.0,19032,major_purchase,RENT,0,0,0,57.93,1,651.0,0.041998,HIGH,DECLINED,0,60,600-700,<50K,ONLINE,case-837741-302844
EC000189,46:27.6,751,33946.0,36.7,8.0,17321,credit_card,RENT,2,5,49,0.0,0,689.0,0.015976,MEDIUM,APPROVED,0,0,600-700,<50K,ONLINE,case-224588-873335
EC000190,2025-05-12 13:53:49,730,96890.0,38.66,8.0,7604,other,OWN,1,7,46,49.14,1,,0.086641,HIGH,APPROVED,0,0,600-700,75-100K,ONLINE,case-383104-482495
EC000191,2025-05-25 14:53:06,739,70692.0,18.23,5.0,15792,major_purchase,MORTGAGE,1,1,40,79.77,1,678.0,0.032172,MEDIUM,APPROVED,0,0,600-700,50-75K,ONLINE,case-251642-794529
EC000192,46:27.6,608,32559.0,18.3,0.0,34263,other,MORTGAGE,0,0,0,8.42,2,656.0,0.072934,HIGH,APPROVED,0,0,600-700,<50K,ONLINE,case-006757-086034
EC000193,2025-05-13 09:36:37,726,56650.0,22.86,0.0,12878,debt_consolidation,RENT,0,0,0,54.06,0,695.0,-0.02,MEDIUM,APPROVED,0,0,600-700,50-75K,ONLINE,case-311495-996689
EC000194,2025-02-07 18:15:52,689,113174.0,25.1,,31491,credit_card,OWN,0,0,0,5.98,1,725.0,0.008709,LOW,APPROVED,0,0,700-800,100K+,ONLINE,case-267914-511740
EC000195,46:27.6,651,58868.0,13.12,8.0,47856,credit_card,RENT,1,2,35,74.47,1,611.0,0.08523,HIGH,DECLINED,0,0,600-700,50-75K,ONLINE,case-872637-784386
EC000196,2025-03-22 00:25:58,673,36280.0,9.67,4.0,10256,major_purchase,RENT,1,2,17,35.14,2,,0.025896,MEDIUM,APPROVED,0,0,600-700,<50K,ONLINE,case-226541-482167
EC000197,2025-04-13 07:19:47,669,47045.0,26.03,16.0,17600,home_improvement,MORTGAGE,0,0,0,75.59,4,599.0,0.160322,HIGH,APPROVED,0,0,<600,<50K,ONLINE,case-998365-980508
EC000198,2025-01-26 01:10:21,632,68602.0,23.05,2.0,21239,major_purchase,MORTGAGE,2,4,57,74.99,0,604.0,0.167307,HIGH,APPROVED,1,90,600-700,50-75K,ONLINE,case-085512-713919
EC000199,46:27.6,583,105907.0,26.03,,30497,home_improvement,RENT,1,3,50,65.16,2,558.0,0.349399,VERY_HIGH,DECLINED,1,90,<600,100K+,ONLINE,case-001193-603263
EC000200,2025-02-25 15:43:02,710,45359.0,33.18,8.0,31436,home_improvement,MORTGAGE,0,0,0,18.35,2,673.0,0.025945,MEDIUM,APPROVED,0,0,600-700,<50K,ONLINE,case-779317-911805
EC000201,2025-01-09 10:50:47,704,25552.0,10.82,,21781,credit_card,RENT,1,3,32,54.42,0,659.0,0.035921,MEDIUM,APPROVED,0,0,600-700,<50K,ONLINE,case-241588-854496
EC000202,2025-05-15 22:25:14,763,73293.0,25.73,1.0,6625,debt_consolidation,MORTGAGE,1,2,9,38.19,0,750.0,0.003606,LOW,APPROVED,0,0,700-800,50-75K,ONLINE,case-174504-737735
EC000203,2025-04-02 06:57:50,753,55932.0,36.52,1.0,8307,other,MORTGAGE,0,0,0,34.52,2,694.0,0.030239,MEDIUM,APPROVED,0,0,600-700,50-75K,ONLINE,case-945503-266350
EC000204,2025-04-08 07:50:36,700,30672.0,19.97,2.0,63235,debt_consolidation,OTHER,1,4,50,33.0,1,667.0,0.042985,HIGH,APPROVED,0,0,600-700,<50K,ONLINE,case-907540-138798
EC000205,2025-05-26 09:27:04,737,,21.64,4.0,17667,debt_consolidation,RENT,1,3,7,26.29,0,704.0,0.009878,LOW,APPROVED,0,0,700-800,<50K,ONLINE,case-309579-981511
EC000206,2025-04-12 08:05:05,775,50489.0,32.92,1.0,29925,debt_consolidation,RENT,1,3,43,41.18,1,704.0,0.013396,LOW,APPROVED,0,0,700-800,50-75K,ONLINE,case-450490-837992
EC000207,2025-05-19 06:57:58,652,30856.0,19.61,13.0,62148,home_improvement,RENT,0,0,0,42.66,1,588.0,0.217136,VERY_HIGH,DECLINED,0,0,<600,<50K,ONLINE,case-187008-292683
EC000208,2025-05-27 16:33:39,676,,12.45,8.0,13774,home_improvement,MORTGAGE,0,0,0,72.21,1,692.0,0.03214,MEDIUM,APPROVED,0,0,600-700,<50K,ONLINE,case-662756-745710
EC000209,2025-05-03 21:59:10,705,76718.0,36.01,1.0,24344,credit_card,RENT,2,7,8,52.86,0,613.0,0.089602,HIGH,APPROVED,0,0,600-700,75-100K,ONLINE,case-994249-940301
EC000210,2025-06-06 13:30:45,615,94007.0,4.42,7.0,11872,major_purchase,MORTGAGE,1,4,19,60.67,3,622.0,0.127938,HIGH,APPROVED,0,0,600-700,75-100K,ONLINE,case-077959-856046
EC000211,2025-06-22 07:44:29,630,,36.29,,16228,debt_consolidation,MORTGAGE,0,0,0,20.09,2,634.0,0.101291,HIGH,APPROVED,0,60,600-700,75-100K,ONLINE,case-007967-759302
EC000212,46:27.6,726,42552.0,29.65,12.0,15781,other,RENT,0,0,0,74.04,1,712.0,0.019967,MEDIUM,APPROVED,0,0,700-800,<50K,ONLINE,case-025504-700706
EC000213,2025-06-10 10:56:33,666,73230.0,14.61,2.0,24332,credit_card,MORTGAGE,2,3,9,45.7,0,661.0,0.064655,HIGH,APPROVED,0,0,600-700,50-75K,ONLINE,case-659443-603916
EC000214,2025-01-16 00:00:29,715,34469.0,18.15,,21614,debt_consolidation,RENT,2,5,21,55.96,1,704.0,0.013495,LOW,APPROVED,0,0,700-800,<50K,ONLINE,case-348500-999321
EC000215,46:27.6,684,84755.0,4.46,2.0,17550,major_purchase,OWN,2,3,46,25.58,2,674.0,0.020347,MEDIUM,APPROVED,1,90,600-700,75-100K,ONLINE,case-973982-789062
EC000216,2025-03-08 22:45:19,758,51145.0,23.22,1.0,10747,other,RENT,0,0,0,75.16,0,719.0,0.007476,LOW,APPROVED,0,0,700-800,50-75K,ONLINE,case-907770-643950
EC000217,2025-05-31 12:27:27,705,171943.0,31.57,1.0,31254,other,OWN,1,4,20,78.5,1,638.0,0.063632,HIGH,DECLINED,0,0,600-700,100K+,ONLINE,case-137894-294249
EC000218,2025-05-22 19:44:26,697,90461.0,21.23,0.0,17681,debt_consolidation,RENT,0,0,0,16.09,2,683.0,0.023176,MEDIUM,APPROVED,0,0,600-700,75-100K,ONLINE,case-977731-622662
EC000219,2025-04-22 04:37:44,675,88029.0,7.44,8.0,11052,credit_card,MORTGAGE,0,0,0,54.37,2,662.0,0.035074,MEDIUM,APPROVED,0,0,600-700,75-100K,ONLINE,case-892222-381051
EC000220,46:27.6,634,74003.0,22.44,1.0,13287,credit_card,OTHER,0,0,0,43.83,1,596.0,0.145824,HIGH,DECLINED,0,0,<600,50-75K,ONLINE,case-432340-927998
EC000221,46:27.6,605,121270.0,27.94,11.0,44395,credit_card,RENT,2,4,48,46.23,1,,0.399449,VERY_HIGH,DECLINED,1,60,<600,100K+,ONLINE,case-645481-207805
EC000222,2025-03-24 13:48:33,837,49399.0,24.11,4.0,27659,home_improvement,MORTGAGE,0,0,0,8.81,0,836.0,0.00047,LOW,APPROVED,0,0,800+,<50K,ONLINE,case-573816-139691
EC000223,2025-04-19 09:34:32,707,51247.0,15.87,1.0,35639,debt_consolidation,OTHER,0,0,0,21.25,1,702.0,0.013578,LOW,APPROVED,0,0,700-800,50-75K,ONLINE,case-567227-485423
EC000224,2025-04-22 17:30:58,747,42668.0,6.84,10.0,55862,debt_consolidation,RENT,0,0,0,83.7,2,713.0,0.009973,LOW,DECLINED,0,0,700-800,<50K,ONLINE,case-170680-154619
EC000225,46:27.6,641,80126.0,30.48,5.0,53217,credit_card,MORTGAGE,0,0,0,48.33,0,633.0,0.071845,HIGH,APPROVED,0,0,600-700,75-100K,ONLINE,case-878963-915950
EC000226,2025-06-11 16:38:44,716,44892.0,23.56,11.0,24187,debt_consolidation,RENT,0,0,0,94.59,1,652.0,0.040888,MEDIUM,APPROVED,0,30,600-700,<50K,ONLINE,case-077191-811341
EC000227,46:27.6,711,,17.39,12.0,18623,major_purchase,OTHER,1,3,13,59.71,3,666.0,0.069864,HIGH,APPROVED,0,0,600-700,50-75K,ONLINE,case-857865-058886
EC000228,2025-02-17 08:46:26,642,75400.0,30.48,12.0,44386,other,OTHER,0,0,0,41.44,0,623.0,0.098085,HIGH,APPROVED,0,0,600-700,75-100K,ONLINE,case-025951-594840
EC000229,46:27.6,801,118605.0,30.61,,10568,credit_card,OTHER,2,6,22,37.45,1,705.0,0.011901,LOW,APPROVED,0,0,700-800,100K+,ONLINE,case-743700-425691
EC000230,2025-01-10 12:55:45,772,25309.0,12.28,4.0,18170,debt_consolidation,MORTGAGE,0,0,0,50.31,0,772.0,0.003557,LOW,APPROVED,0,60,700-800,<50K,ONLINE,case-881862-845146
EC000231,46:27.6,681,,29.96,,11163,credit_card,MORTGAGE,0,0,0,60.22,1,650.0,0.051319,HIGH,DECLINED,0,0,600-700,<50K,ONLINE,case-912225-464080
EC000232,2025-03-25 05:36:11,751,100836.0,41.09,,18189,credit_card,RENT,0,0,0,47.63,3,670.0,0.036278,MEDIUM,APPROVED,0,0,600-700,100K+,ONLINE,case-623899-652962
EC000233,46:27.6,755,157489.0,36.71,8.0,12674,credit_card,MORTGAGE,0,0,0,56.87,2,,0.008745,LOW,APPROVED,0,0,700-800,100K+,ONLINE,case-134908-577328
EC000234,2025-04-16 23:35:17,723,73105.0,22.05,6.0,9621,debt_consolidation,MORTGAGE,0,0,0,66.29,3,651.0,0.049906,HIGH,APPROVED,0,0,600-700,50-75K,ONLINE,case-471433-865444
EC000235,2025-06-25 13:19:33,720,64822.0,12.04,10.0,43848,other,RENT,0,0,0,15.79,5,,0.007606,LOW,APPROVED,0,0,700-800,50-75K,ONLINE,case-305188-168712
EC000236,46:27.6,698,55127.0,21.59,22.0,7561,major_purchase,RENT,1,3,30,31.92,0,702.0,0.016959,MEDIUM,APPROVED,0,0,700-800,50-75K,ONLINE,case-998890-663474
EC000237,46:27.6,691,98426.0,43.16,,10411,major_purchase,OWN,0,0,0,31.67,1,676.0,0.048204,HIGH,APPROVED,0,0,600-700,75-100K,ONLINE,case-037302-556016
EC000238,2025-05-24 23:40:15,611,62535.0,38.14,8.0,17939,home_improvement,RENT,0,0,0,44.76,2,559.0,0.40743,VERY_HIGH,DECLINED,0,0,<600,50-75K,ONLINE,case-587881-050581
EC000239,2025-04-01 06:21:21,667,40705.0,7.54,13.0,33105,home_improvement,RENT,2,3,23,78.67,0,666.0,0.040782,MEDIUM,DECLINED,0,0,600-700,<50K,ONLINE,case-288886-294841
EC000240,46:27.6,716,103911.0,44.28,5.0,21528,credit_card,RENT,0,0,0,35.66,0,,0.030438,MEDIUM,APPROVED,0,0,600-700,100K+,ONLINE,case-272006-462483
EC000241,2025-01-12 08:28:19,676,40772.0,17.65,2.0,23193,home_improvement,MORTGAGE,1,7,7,56.61,0,658.0,0.060873,HIGH,APPROVED,0,0,600-700,<50K,ONLINE,case-092315-018107
EC000242,2025-04-22 09:01:13,751,,27.42,7.0,44273,credit_card,RENT,0,0,0,77.09,1,664.0,0.031872,MEDIUM,APPROVED,0,0,600-700,50-75K,ONLINE,case-149262-533974
EC000243,46:27.6,696,61254.0,18.2,,15621,other,RENT,1,2,10,1.26,3,682.0,0.020758,MEDIUM,APPROVED,0,0,600-700,50-75K,ONLINE,case-756809-420464
EC000244,2025-01-15 09:53:46,644,39188.0,19.38,7.0,19768,debt_consolidation,RENT,0,0,0,31.66,1,659.0,0.041732,HIGH,APPROVED,1,60,600-700,<50K,ONLINE,case-584253-256807
EC000245,46:27.6,621,63903.0,26.31,1.0,8107,home_improvement,MORTGAGE,1,3,17,55.48,2,600.0,0.237269,VERY_HIGH,DECLINED,1,90,600-700,50-75K,ONLINE,case-377333-097549
EC000246,46:27.6,639,51368.0,24.94,11.0,5623,debt_consolidation,OWN,1,4,48,43.53,1,585.0,0.19264,VERY_HIGH,DECLINED,0,0,<600,50-75K,ONLINE,case-744271-296372
EC000247,2025-04-07 10:12:35,688,92859.0,12.47,8.0,31955,credit_card,MORTGAGE,0,0,0,38.43,3,653.0,0.045645,HIGH,APPROVED,0,0,600-700,75-100K,ONLINE,case-239090-828282
EC000248,46:27.6,678,108196.0,23.92,9.0,14407,debt_consolidation,RENT,1,7,56,27.7,2,646.0,0.057831,HIGH,APPROVED,0,30,600-700,100K+,ONLINE,case-556554-655918
EC000249,2025-05-29 12:51:47,540,80030.0,17.54,2.0,24253,debt_consolidation,MORTGAGE,0,0,0,39.27,3,556.0,0.41494,VERY_HIGH,DECLINED,1,60,<600,75-100K,ONLINE,case-606187-144322
EC000250,2025-03-22 14:24:40,720,90587.0,21.41,1.0,19751,major_purchase,MORTGAGE,0,0,0,34.42,1,725.0,0.008614,LOW,APPROVED,0,0,700-800,75-100K,ONLINE,case-126766-367052
EC000251,46:27.6,778,76881.0,22.2,5.0,7995,credit_card,RENT,0,0,0,43.51,1,753.0,0.003547,LOW,APPROVED,0,0,700-800,75-100K,ONLINE,case-929872-217989
EC000252,46:27.6,652,26826.0,13.98,,34583,major_purchase,MORTGAGE,2,1,35,45.16,0,,0.070372,HIGH,APPROVED,0,0,600-700,<50K,ONLINE,case-334827-551856
EC000253,46:27.6,716,43021.0,21.9,19.0,7064,other,MORTGAGE,1,1,24,62.9,2,653.0,0.043054,HIGH,APPROVED,0,0,600-700,<50K,ONLINE,case-096431-759531
EC000254,46:27.6,648,63989.0,34.42,7.0,9353,major_purchase,RENT,3,2,11,50.07,0,628.0,0.15476,HIGH,APPROVED,0,0,600-700,50-75K,ONLINE,case-192195-111787
EC000255,46:27.6,762,56722.0,28.02,,23571,debt_consolidation,RENT,0,0,0,67.18,2,693.0,0.02008,MEDIUM,APPROVED,0,0,600-700,50-75K,ONLINE,case-594844-460841
EC000256,46:27.6,646,87416.0,17.07,20.0,53934,other,MORTGAGE,0,0,0,33.82,1,,0.022131,MEDIUM,APPROVED,0,0,600-700,75-100K,ONLINE,case-717410-772039
EC000257,2025-04-17 18:19:28,680,46827.0,22.89,1.0,28517,major_purchase,RENT,2,2,10,71.0,2,,0.18354,HIGH,APPROVED,0,0,<600,<50K,ONLINE,case-445611-990864
EC000258,2025-01-19 18:00:16,769,113330.0,22.65,9.0,15156,home_improvement,MORTGAGE,1,9,49,46.39,1,711.0,0.012707,LOW,APPROVED,0,0,700-800,100K+,ONLINE,case-155969-733697
EC000259,46:27.6,741,47884.0,22.15,1.0,17067,home_improvement,MORTGAGE,1,1,48,80.01,2,668.0,0.026059,MEDIUM,APPROVED,0,0,600-700,<50K,ONLINE,case-715889-134996
EC000260,2025-06-25 05:13:13,673,32719.0,12.58,27.0,13769,credit_card,OTHER,0,0,0,57.13,0,686.0,0.015272,LOW,APPROVED,0,0,600-700,<50K,ONLINE,case-766890-025872
EC000261,46:27.6,758,73959.0,21.59,1.0,17068,major_purchase,MORTGAGE,0,0,0,39.31,1,724.0,0.010311,LOW,APPROVED,0,0,700-800,50-75K,ONLINE,case-519998-594721
EC000262,2025-03-10 22:43:57,725,48555.0,26.65,,30633,credit_card,OTHER,2,6,27,46.08,0,,0.040785,MEDIUM,APPROVED,0,0,600-700,<50K,ONLINE,case-351345-241707
EC000263,2025-02-23 22:02:44,749,56435.0,14.94,,12018,debt_consolidation,MORTGAGE,1,3,36,100.0,0,656.0,0.036209,MEDIUM,APPROVED,0,0,600-700,50-75K,ONLINE,case-714533-536119
EC000264,2025-02-10 23:01:17,775,125526.0,4.56,2.0,58715,debt_consolidation,MORTGAGE,1,3,32,8.46,3,774.0,0.001322,LOW,APPROVED,0,0,700-800,100K+,ONLINE,case-209936-387421
EC000265,2025-05-05 10:48:08,780,,32.63,4.0,26908,credit_card,RENT,0,0,0,36.81,0,748.0,0.005427,LOW,APPROVED,0,0,700-800,75-100K,ONLINE,case-089520-413901
EC000266,46:27.6,641,75992.0,27.65,1.0,9766,credit_card,RENT,0,0,0,49.29,1,621.0,0.113614,HIGH,APPROVED,0,0,600-700,75-100K,ONLINE,case-410016-886825
EC000267,2025-02-11 08:11:58,644,,34.18,2.0,11599,home_improvement,RENT,2,4,5,69.1,2,552.0,0.486624,VERY_HIGH,DECLINED,0,0,<600,75-100K,ONLINE,case-937570-183193
EC000268,2025-04-05 07:21:37,719,33972.0,41.33,,33595,major_purchase,RENT,0,0,0,53.29,0,653.0,0.064511,HIGH,APPROVED,0,0,600-700,<50K,ONLINE,case-233186-776689
EC000269,46:27.6,674,47916.0,39.22,7.0,21655,major_purchase,MORTGAGE,0,0,0,45.85,0,638.0,0.097457,HIGH,DECLINED,0,0,600-700,<50K,ONLINE,case-198074-691348
EC000270,2025-04-22 18:28:43,517,46822.0,24.3,,6978,major_purchase,OWN,0,0,0,27.14,2,493.0,0.669114,VERY_HIGH,DECLINED,1,60,<600,<50K,ONLINE,case-194849-014592
EC000271,2025-05-09 11:53:16,744,91583.0,30.01,3.0,11476,other,MORTGAGE,1,6,24,37.75,0,651.0,0.023881,MEDIUM,APPROVED,0,0,600-700,75-100K,ONLINE,case-843780-047556
EC000272,2025-02-19 05:10:54,620,58347.0,21.8,8.0,11600,debt_consolidation,MORTGAGE,0,0,0,89.15,1,615.0,0.150257,HIGH,DECLINED,0,0,600-700,50-75K,ONLINE,case-529127-761851
EC000273,46:27.6,674,,25.84,,8808,credit_card,MORTGAGE,2,7,3,9.76,1,,0.041904,HIGH,DECLINED,0,0,600-700,50-75K,ONLINE,case-870404-303483
EC000274,46:27.6,652,66324.0,27.06,0.0,27825,debt_consolidation,MORTGAGE,1,3,34,20.78,2,612.0,0.174218,HIGH,DECLINED,0,0,600-700,50-75K,ONLINE,case-763956-255591
EC000275,2025-04-20 20:20:53,671,,29.77,4.0,35636,major_purchase,RENT,0,0,0,17.98,3,645.0,0.068158,HIGH,APPROVED,0,0,600-700,<50K,ONLINE,case-448529-372193
EC000276,2025-05-11 19:08:28,724,120835.0,20.89,8.0,18468,credit_card,MORTGAGE,0,0,0,39.8,0,747.0,0.004564,LOW,APPROVED,0,0,700-800,100K+,ONLINE,case-765393-105368
EC000277,2025-02-05 06:59:10,590,126697.0,29.18,3.0,19942,credit_card,RENT,1,5,32,51.79,2,559.0,0.381869,VERY_HIGH,APPROVED,1,150,<600,100K+,ONLINE,case-785533-495083
EC000278,2025-01-20 07:05:08,673,108217.0,16.87,11.0,34085,credit_card,OTHER,1,2,35,64.64,0,654.0,0.033049,MEDIUM,APPROVED,0,0,600-700,100K+,ONLINE,case-869647-519696
EC000279,46:27.6,606,124378.0,10.28,1.0,17889,other,MORTGAGE,1,4,50,36.22,1,640.0,0.068511,HIGH,APPROVED,0,0,600-700,100K+,ONLINE,case-558069-746730
EC000280,2025-01-21 09:02:39,672,48433.0,22.21,10.0,28354,other,OTHER,0,0,0,2.04,1,666.0,0.035493,MEDIUM,APPROVED,0,0,600-700,<50K,ONLINE,case-824118-598206
EC000281,2025-03-22 17:53:56,705,83275.0,32.27,12.0,14571,other,OWN,0,0,0,11.57,0,698.0,0.017981,MEDIUM,APPROVED,0,0,600-700,75-100K,ONLINE,case-555358-699456
EC000282,2025-01-01 11:29:11,743,105895.0,16.99,4.0,19893,other,RENT,0,0,0,39.38,2,755.0,0.006253,LOW,APPROVED,0,0,700-800,100K+,ONLINE,case-354821-887530
EC000283,46:27.6,677,117269.0,14.05,,68080,major_purchase,RENT,2,5,16,0.0,2,660.0,0.037026,MEDIUM,APPROVED,0,0,600-700,100K+,ONLINE,case-836274-592869
EC000284,46:27.6,826,33222.0,37.59,1.0,39532,debt_consolidation,RENT,0,0,0,57.99,1,,0.005573,LOW,APPROVED,0,0,700-800,<50K,ONLINE,case-277060-820289
EC000285,2025-05-06 08:29:26,741,39616.0,19.17,10.0,49416,other,OWN,2,4,5,29.73,4,662.0,0.064114,HIGH,APPROVED,0,0,600-700,<50K,ONLINE,case-056981-335860
EC000286,46:27.6,758,99328.0,22.16,0.0,19032,debt_consolidation,RENT,0,0,0,10.35,1,711.0,0.009503,LOW,APPROVED,0,0,700-800,75-100K,ONLINE,case-457340-022302
EC000287,2025-01-25 18:09:52,731,42339.0,32.24,0.0,28380,other,MORTGAGE,0,0,0,38.9,1,749.0,0.003426,LOW,APPROVED,0,0,700-800,<50K,ONLINE,case-565250-951706
EC000288,46:27.6,676,41959.0,25.85,,6839,other,OWN,1,4,20,45.72,1,647.0,0.048889,HIGH,DECLINED,0,60,600-700,<50K,ONLINE,case-191478-557703
EC000289,2025-06-13 11:30:40,664,47625.0,37.27,0.0,11858,other,OTHER,0,0,0,52.95,3,573.0,0.245754,VERY_HIGH,APPROVED,0,0,<600,<50K,ONLINE,case-860604-093294
EC000290,46:27.6,640,100601.0,22.41,,17483,other,RENT,0,0,0,77.49,1,595.0,0.135205,HIGH,APPROVED,0,0,<600,100K+,ONLINE,case-360909-705113
EC000291,2025-06-02 20:17:37,692,76177.0,20.27,3.0,11166,home_improvement,RENT,0,0,0,73.84,1,698.0,0.019149,MEDIUM,APPROVED,0,0,600-700,75-100K,ONLINE,case-311958-379716
EC000292,2025-05-28 08:12:57,523,51674.0,31.66,4.0,9644,credit_card,MORTGAGE,0,0,0,24.54,1,555.0,0.509089,VERY_HIGH,DECLINED,0,0,<600,50-75K,ONLINE,case-927682-572376
EC000293,2025-03-30 19:57:36,663,60741.0,34.68,,16225,home_improvement,RENT,0,0,0,39.6,0,646.0,0.070313,HIGH,APPROVED,0,0,600-700,50-75K,ONLINE,case-193235-154867
EC000294,46:27.6,688,99752.0,21.5,15.0,35941,debt_consolidation,MORTGAGE,1,1,4,15.2,0,690.0,0.017456,MEDIUM,APPROVED,0,0,600-700,75-100K,ONLINE,case-213724-358573
EC000295,2025-05-03 07:35:14,613,40941.0,9.47,8.0,21426,home_improvement,RENT,1,3,40,62.14,1,,0.125293,HIGH,APPROVED,0,0,600-700,<50K,ONLINE,case-325617-155168
EC000296,2025-06-01 08:07:25,631,52131.0,15.79,2.0,10422,other,MORTGAGE,0,0,0,41.98,1,651.0,0.05695,HIGH,APPROVED,0,0,600-700,50-75K,ONLINE,case-855581-262758
EC000297,2025-05-31 07:45:59,712,26313.0,10.89,2.0,17137,debt_consolidation,MORTGAGE,2,3,25,48.78,0,695.0,0.014445,LOW,APPROVED,0,0,600-700,<50K,ONLINE,case-728860-349905
EC000298,2025-03-05 03:17:45,723,84016.0,19.94,9.0,8521,major_purchase,OWN,0,0,0,50.33,1,739.0,0.005385,LOW,APPROVED,0,0,700-800,75-100K,ONLINE,case-863813-412311
EC000299,46:27.6,707,74405.0,23.43,8.0,13652,home_improvement,MORTGAGE,0,0,0,50.04,2,678.0,0.023667,MEDIUM,APPROVED,1,120,600-700,50-75K,ONLINE,case-412246-600446
EC000300,2025-06-20 13:16:17,565,25962.0,17.68,1.0,8731,debt_consolidation,RENT,0,0,0,2.12,0,618.0,0.147732,HIGH,APPROVED,1,90,600-700,<50K,ONLINE,case-730834-635386
EC000301,46:27.6,792,54523.0,36.05,5.0,46917,credit_card,RENT,0,0,0,58.93,1,734.0,0.007586,LOW,APPROVED,0,0,700-800,50-75K,ONLINE,case-436742-692879
EC000302,2025-06-02 13:46:19,677,18873.0,21.46,2.0,7578,debt_consolidation,OTHER,0,0,0,51.09,3,640.0,0.073981,HIGH,APPROVED,0,0,600-700,<50K,ONLINE,case-254852-480705
EC000303,2025-01-09 16:54:54,850,48054.0,33.66,24.0,11644,debt_consolidation,RENT,1,4,16,53.73,0,749.0,0.003203,LOW,APPROVED,0,0,700-800,<50K,ONLINE,case-156960-689072
EC000304,2025-03-12 22:58:34,688,,18.02,3.0,21234,major_purchase,OWN,0,0,0,71.06,2,657.0,0.041329,MEDIUM,APPROVED,0,0,600-700,75-100K,ONLINE,case-936838-861513
EC000305,2025-06-08 05:08:24,720,27953.0,21.13,4.0,11767,credit_card,MORTGAGE,0,0,0,27.51,0,736.0,0.007349,LOW,APPROVED,0,0,700-800,<50K,ONLINE,case-652928-921624
EC000306,2025-03-24 10:43:42,665,31175.0,34.93,3.0,71299,debt_consolidation,MORTGAGE,0,0,0,0.0,0,695.0,0.027994,MEDIUM,APPROVED,0,0,600-700,<50K,ONLINE,case-392189-795743
EC000307,46:27.6,725,73757.0,12.75,1.0,24889,debt_consolidation,MORTGAGE,1,0,58,51.0,0,750.0,0.003668,LOW,APPROVED,0,30,700-800,50-75K,ONLINE,case-093487-360473
EC000308,46:27.6,784,,8.34,6.0,16282,other,RENT,3,8,35,26.46,1,739.0,0.0111,LOW,APPROVED,0,0,700-800,<50K,ONLINE,case-772801-073634
EC000309,46:27.6,717,52778.0,13.81,,22997,credit_card,RENT,0,0,0,34.43,1,707.0,0.011811,LOW,APPROVED,0,0,700-800,50-75K,ONLINE,case-220931-165924
EC000310,2025-04-27 22:19:22,746,80784.0,27.5,3.0,20835,debt_consolidation,RENT,0,0,0,41.88,1,735.0,0.005636,LOW,APPROVED,0,0,700-800,75-100K,ONLINE,case-602913-206604
EC000311,2025-01-17 03:49:48,727,128071.0,15.18,3.0,32479,debt_consolidation,RENT,1,3,33,47.36,2,680.0,0.028369,MEDIUM,APPROVED,0,0,600-700,100K+,ONLINE,case-555879-763431
EC000312,2025-04-07 07:33:39,599,47742.0,22.67,2.0,8102,debt_consolidation,RENT,1,6,47,56.55,0,,0.323188,VERY_HIGH,APPROVED,0,0,<600,<50K,ONLINE,case-927514-658147
EC000313,2025-01-20 21:34:58,725,84077.0,32.52,4.0,31071,major_purchase,OWN,1,8,11,45.98,1,669.0,0.035176,MEDIUM,APPROVED,0,0,600-700,75-100K,ONLINE,case-888664-029732
EC000314,46:27.6,652,161594.0,26.36,15.0,15126,debt_consolidation,OWN,0,0,0,22.94,1,646.0,0.063427,HIGH,DECLINED,1,90,600-700,100K+,ONLINE,case-974599-430007
EC000315,2025-01-26 22:04:06,717,73413.0,18.5,4.0,22377,credit_card,OWN,1,4,52,74.16,0,664.0,0.035089,MEDIUM,APPROVED,0,0,600-700,50-75K,ONLINE,case-581878-611327
EC000316,46:27.6,636,61275.0,39.01,,23615,credit_card,OWN,1,4,1,48.09,0,,0.354468,VERY_HIGH,DECLINED,0,0,<600,50-75K,ONLINE,case-686530-810093
EC000317,2025-01-13 11:30:58,764,41841.0,34.3,3.0,39510,home_improvement,RENT,1,2,6,32.2,3,652.0,0.060169,HIGH,APPROVED,0,0,600-700,<50K,ONLINE,case-142669-965457
EC000318,46:27.6,660,94450.0,35.13,1.0,19499,credit_card,OWN,2,9,45,40.61,0,643.0,0.090095,HIGH,APPROVED,1,90,600-700,75-100K,ONLINE,case-678563-509953
EC000319,2025-06-17 22:08:18,806,57375.0,26.29,,36737,other,MORTGAGE,0,0,0,65.06,3,780.0,0.003519,LOW,APPROVED,0,0,700-800,50-75K,ONLINE,case-887823-285681
EC000320,2025-02-01 19:33:48,671,98292.0,26.81,,9412,major_purchase,RENT,0,0,0,32.66,0,676.0,0.030642,MEDIUM,APPROVED,0,0,600-700,75-100K,ONLINE,case-018342-630889
EC000321,2025-01-03 18:24:16,738,128016.0,19.41,4.0,28158,debt_consolidation,RENT,1,9,1,12.14,1,730.0,0.004965,LOW,APPROVED,0,0,700-800,100K+,ONLINE,case-678968-682180
EC000322,46:27.6,618,49863.0,31.26,3.0,18740,major_purchase,MORTGAGE,1,8,54,70.87,2,562.0,0.34483,VERY_HIGH,DECLINED,0,0,<600,<50K,ONLINE,case-615803-861460
EC000323,46:27.6,700,66643.0,30.54,3.0,12138,major_purchase,RENT,1,3,54,36.84,1,620.0,0.078123,HIGH,APPROVED,0,0,600-700,50-75K,ONLINE,case-885193-537315
EC000324,2025-05-18 11:46:56,649,68876.0,26.36,29.0,14820,major_purchase,RENT,0,0,0,44.15,1,630.0,0.093321,HIGH,APPROVED,0,0,600-700,50-75K,ONLINE,case-851194-379775
EC000325,46:27.6,723,81189.0,15.22,0.0,18853,major_purchase,MORTGAGE,0,0,0,22.86,1,687.0,0.018295,MEDIUM,APPROVED,0,0,600-700,75-100K,ONLINE,case-514615-880892
EC000326,46:27.6,771,67846.0,27.76,,10064,credit_card,RENT,0,0,0,16.34,4,712.0,0.012561,LOW,APPROVED,0,0,700-800,50-75K,ONLINE,case-359490-789754
EC000327,2025-01-03 08:45:46,752,35254.0,13.55,,7922,credit_card,RENT,1,1,8,30.0,2,741.0,0.004965,LOW,APPROVED,0,0,700-800,<50K,ONLINE,case-569343-194246
EC000328,2025-05-27 06:38:46,656,59294.0,25.34,9.0,8145,debt_consolidation,RENT,1,3,14,26.67,2,592.0,0.211854,VERY_HIGH,APPROVED,0,0,<600,50-75K,ONLINE,case-731011-064405
EC000329,2025-02-17 10:34:46,625,64123.0,14.53,10.0,27366,credit_card,MORTGAGE,2,6,11,66.3,2,552.0,0.411085,VERY_HIGH,DECLINED,1,90,<600,50-75K,ONLINE,case-537090-644711
EC000330,46:27.6,670,62807.0,9.81,4.0,36896,other,MORTGAGE,1,4,44,40.68,0,685.0,0.034519,MEDIUM,APPROVED,0,0,600-700,50-75K,ONLINE,case-841267-047723
EC000331,2025-04-06 14:53:10,632,41170.0,28.1,2.0,13945,credit_card,RENT,0,0,0,69.19,2,553.0,0.316947,VERY_HIGH,APPROVED,0,0,<600,<50K,ONLINE,case-365371-562735
EC000332,2025-05-08 04:08:43,747,43112.0,15.98,2.0,43852,other,OTHER,1,1,5,73.9,1,711.0,0.015492,LOW,APPROVED,0,0,700-800,<50K,ONLINE,case-778950-417179
EC000333,2025-02-17 08:09:11,709,83692.0,10.17,7.0,17267,debt_consolidation,MORTGAGE,0,0,0,40.35,1,751.0,0.005599,LOW,APPROVED,0,0,700-800,75-100K,ONLINE,case-468181-614869
EC000334,2025-06-03 18:38:38,722,23075.0,23.55,0.0,11750,major_purchase,OWN,0,0,0,0.0,1,706.0,0.015656,MEDIUM,DECLINED,0,0,700-800,<50K,ONLINE,case-357496-646049
EC000335,2025-04-18 04:07:32,610,79474.0,34.86,,9393,other,MORTGAGE,1,5,41,35.63,0,602.0,0.180617,HIGH,APPROVED,0,0,600-700,75-100K,ONLINE,case-532977-931997
EC000336,2025-06-11 23:12:44,636,56975.0,26.96,1.0,14205,major_purchase,RENT,1,3,37,58.53,2,604.0,0.182164,HIGH,APPROVED,0,0,600-700,50-75K,ONLINE,case-840474-629099
EC000337,2025-04-22 10:31:37,637,61256.0,27.6,2.0,9881,debt_consolidation,MORTGAGE,1,4,35,30.34,0,614.0,0.120076,HIGH,DECLINED,0,0,600-700,50-75K,ONLINE,case-753631-242112
EC000338,46:27.6,708,31564.0,14.56,7.0,31708,credit_card,OTHER,2,8,11,71.78,1,628.0,0.073815,HIGH,APPROVED,0,0,600-700,<50K,ONLINE,case-541470-238930
EC000339,2025-03-30 11:43:48,710,56401.0,26.8,4.0,35569,other,RENT,0,0,0,53.19,1,698.0,0.02029,MEDIUM,APPROVED,0,0,600-700,50-75K,ONLINE,case-630116-013442
EC000340,2025-01-27 04:19:37,568,50870.0,12.46,,28868,home_improvement,MORTGAGE,0,0,0,57.36,2,600.0,0.208669,VERY_HIGH,APPROVED,0,0,600-700,50-75K,ONLINE,case-076723-842031
EC000341,2025-05-28 08:01:36,760,112877.0,10.51,,23680,home_improvement,RENT,1,4,52,52.47,0,718.0,0.012518,LOW,APPROVED,0,0,700-800,100K+,ONLINE,case-819395-613119
EC000342,2025-05-02 12:19:19,797,158934.0,36.81,9.0,34499,home_improvement,OWN,1,4,11,0.0,0,784.0,0.001694,LOW,APPROVED,0,0,700-800,100K+,ONLINE,case-965137-973185
EC000343,2025-06-24 05:38:05,591,63782.0,27.99,14.0,12235,debt_consolidation,RENT,2,3,39,16.9,1,564.0,0.429895,VERY_HIGH,DECLINED,1,120,<600,50-75K,ONLINE,case-857850-745307
EC000344,2025-03-10 19:11:20,641,175531.0,33.47,9.0,3151,major_purchase,RENT,0,0,0,69.41,1,612.0,0.159998,HIGH,DECLINED,0,0,600-700,100K+,ONLINE,case-894264-382708
EC000345,2025-04-24 18:39:35,731,,45.02,9.0,33260,major_purchase,RENT,0,0,0,79.42,2,670.0,0.054936,HIGH,APPROVED,0,0,600-700,75-100K,ONLINE,case-226769-658517
EC000346,2025-01-02 07:42:49,648,62444.0,14.81,12.0,41233,major_purchase,RENT,0,0,0,22.29,1,656.0,0.048667,HIGH,APPROVED,0,0,600-700,50-75K,ONLINE,case-520591-670970
EC000347,46:27.6,670,93685.0,18.43,4.0,16339,other,MORTGAGE,1,6,53,53.61,0,657.0,0.027057,MEDIUM,APPROVED,0,0,600-700,75-100K,ONLINE,case-599455-251356
EC000348,46:27.6,678,66768.0,11.62,28.0,25826,other,MORTGAGE,1,6,37,56.64,1,687.0,1.2,MEDIUM,APPROVED,0,0,600-700,50-75K,ONLINE,case-771071-212239
EC000349,2025-05-25 18:00:28,590,89229.0,40.57,,15288,credit_card,RENT,2,4,14,37.36,2,534.0,0.57979,VERY_HIGH,DECLINED,1,90,<600,75-100K,ONLINE,case-983202-778022
EC000350,46:27.6,658,114400.0,27.48,8.0,7091,home_improvement,OWN,0,0,0,27.26,1,646.0,0.0434,HIGH,APPROVED,0,0,600-700,100K+,ONLINE,case-564917-543464
EC000351,46:27.6,622,48610.0,27.91,6.0,34012,other,MORTGAGE,0,0,0,23.2,0,661.0,0.050812,HIGH,APPROVED,0,0,600-700,<50K,ONLINE,case-267569-752191
EC000352,2025-02-22 09:51:38,669,52402.0,23.8,5.0,7978,major_purchase,MORTGAGE,0,0,0,46.99,2,655.0,0.040746,MEDIUM,APPROVED,0,0,600-700,50-75K,ONLINE,case-962454-544250
EC000353,46:27.6,690,108276.0,21.42,1.0,58559,home_improvement,RENT,1,4,53,43.17,1,656.0,0.048797,HIGH,APPROVED,0,0,600-700,100K+,ONLINE,case-302552-939318
EC000354,2025-02-25 22:48:16,704,,6.43,0.0,21064,debt_consolidation,RENT,0,0,0,70.58,0,724.0,0.009058,LOW,APPROVED,0,0,700-800,<50K,ONLINE,case-615577-858897
EC000355,2025-02-20 05:11:56,694,,17.11,2.0,11342,debt_consolidation,MORTGAGE,0,0,0,69.8,1,683.0,0.019141,MEDIUM,APPROVED,0,0,600-700,<50K,ONLINE,case-652663-654200
EC000356,2025-03-09 19:09:05,649,,24.87,2.0,15620,credit_card,MORTGAGE,0,0,0,55.23,3,633.0,0.092406,HIGH,APPROVED,0,0,600-700,<50K,ONLINE,case-122359-630220
EC000357,2025-04-19 03:11:26,701,,22.75,0.0,23303,credit_card,MORTGAGE,0,0,0,41.2,0,710.0,0.016096,MEDIUM,APPROVED,0,30,700-800,50-75K,ONLINE,case-971165-218027
EC000358,2025-04-09 23:46:11,801,73494.0,35.1,1.0,29909,other,MORTGAGE,0,0,0,10.93,0,759.0,0.0029,LOW,APPROVED,0,0,700-800,50-75K,ONLINE,case-390823-402047
EC000359,2025-05-22 17:10:41,642,88342.0,33.47,6.0,15329,home_improvement,MORTGAGE,0,0,0,46.04,2,614.0,0.122431,HIGH,APPROVED,1,120,600-700,75-100K,ONLINE,case-448797-061909
EC000360,2025-01-03 12:03:31,516,,18.08,1.0,21900,home_improvement,MORTGAGE,1,7,32,58.38,3,481.0,0.805867,VERY_HIGH,DECLINED,0,0,<600,75-100K,ONLINE,case-082667-850228
EC000361,2025-02-13 01:12:23,629,68616.0,22.05,12.0,17364,debt_consolidation,RENT,0,0,0,45.9,0,631.0,0.103147,HIGH,APPROVED,0,0,600-700,50-75K,ONLINE,case-053045-310763
EC000362,2025-02-24 19:16:04,622,106634.0,30.67,,17250,major_purchase,MORTGAGE,0,0,0,34.27,3,602.0,0.20915,VERY_HIGH,APPROVED,0,0,600-700,100K+,ONLINE,case-374011-422703
EC000363,2025-04-16 17:46:35,592,26012.0,20.73,10.0,14027,major_purchase,MORTGAGE,1,5,5,59.21,1,577.0,0.249339,VERY_HIGH,DECLINED,1,60,<600,<50K,ONLINE,case-955420-321774
EC000364,2025-02-25 06:46:28,657,63285.0,34.82,14.0,25754,credit_card,RENT,1,3,51,59.69,0,589.0,0.207277,VERY_HIGH,APPROVED,0,0,<600,50-75K,ONLINE,case-949548-918682
EC000365,2025-05-17 21:23:32,641,42023.0,26.27,2.0,26540,other,RENT,0,0,0,84.58,0,621.0,0.135291,HIGH,DECLINED,1,60,600-700,<50K,ONLINE,case-422938-640496
EC000366,2025-01-02 19:59:31,685,,33.96,7.0,46150,other,RENT,1,3,49,52.23,1,618.0,0.119893,HIGH,DECLINED,0,0,600-700,50-75K,ONLINE,case-910960-782484
EC000367,46:27.6,716,106961.0,32.29,7.0,37734,debt_consolidation,OWN,1,0,48,43.6,0,708.0,0.019533,MEDIUM,DECLINED,0,0,700-800,100K+,ONLINE,case-616139-470580
EC000368,2025-03-07 11:35:09,823,,21.51,0.0,15766,home_improvement,RENT,0,0,0,27.19,0,759.0,0.00322,LOW,APPROVED,0,0,700-800,<50K,ONLINE,case-649903-330848
EC000369,2025-03-16 22:07:20,725,88387.0,8.12,11.0,6209,other,MORTGAGE,0,0,0,36.09,2,707.0,0.010662,LOW,APPROVED,0,0,700-800,75-100K,ONLINE,case-356121-578956
EC000370,2025-06-19 12:00:09,685,44244.0,30.26,4.0,10368,major_purchase,MORTGAGE,0,0,0,0.0,2,643.0,0.048154,HIGH,APPROVED,0,0,600-700,<50K,ONLINE,case-920931-897401
EC000371,2025-01-15 14:53:40,578,73364.0,41.48,4.0,11141,credit_card,MORTGAGE,1,5,43,66.35,0,514.0,0.635363,VERY_HIGH,APPROVED,1,60,<600,50-75K,ONLINE,case-169112-366879
EC000372,46:27.6,605,39149.0,32.48,1.0,12959,credit_card,MORTGAGE,1,5,41,48.11,2,547.0,0.353155,VERY_HIGH,DECLINED,0,0,<600,<50K,ONLINE,case-222700-946975
EC000373,2025-05-03 01:50:54,623,78585.0,27.9,1.0,15954,credit_card,OWN,3,2,26,58.05,2,544.0,0.500142,VERY_HIGH,APPROVED,0,0,<600,75-100K,ONLINE,case-439192-834475
EC000374,46:27.6,670,146559.0,32.12,21.0,34206,debt_consolidation,RENT,0,0,0,19.58,2,685.0,0.03459,MEDIUM,APPROVED,0,0,600-700,100K+,ONLINE,case-203753-800675
EC000375,46:27.6,579,81424.0,36.82,27.0,37641,credit_card,OTHER,0,0,0,29.57,3,557.0,0.302578,VERY_HIGH,DECLINED,1,150,<600,75-100K,ONLINE,case-409939-895814
EC000376,2025-06-23 15:01:04,699,45762.0,7.96,13.0,43613,home_improvement,MORTGAGE,0,0,0,46.49,2,667.0,0.024652,MEDIUM,APPROVED,0,0,600-700,<50K,ONLINE,case-124657-921907
EC000377,46:27.6,763,58519.0,28.28,26.0,23671,other,RENT,1,4,22,46.16,0,695.0,0.012956,LOW,APPROVED,0,0,600-700,50-75K,ONLINE,case-200380-256296
EC000378,2025-04-19 10:49:06,717,72252.0,29.05,7.0,33147,debt_consolidation,RENT,0,0,0,35.91,1,,0.027742,MEDIUM,APPROVED,1,150,600-700,50-75K,ONLINE,case-459841-003087
EC000379,2025-03-17 01:14:54,763,73923.0,31.28,1.0,17928,home_improvement,MORTGAGE,1,3,55,0.0,1,685.0,0.017416,MEDIUM,APPROVED,0,0,600-700,50-75K,ONLINE,case-414809-285293
EC000380,2025-02-10 09:58:24,675,70311.0,27.09,,26933,credit_card,OWN,0,0,0,30.79,0,674.0,0.036667,MEDIUM,APPROVED,0,0,600-700,50-75K,ONLINE,case-559260-655255
EC000381,2025-04-17 16:42:30,718,43381.0,10.94,,14140,debt_consolidation,OWN,0,0,0,30.18,3,748.0,0.005825,LOW,APPROVED,0,0,700-800,<50K,ONLINE,case-786786-392482
EC000382,46:27.6,694,92735.0,19.51,2.0,19076,home_improvement,RENT,0,0,0,24.42,0,671.0,0.027008,MEDIUM,DECLINED,0,0,600-700,75-100K,ONLINE,case-426075-846382
EC000383,2025-06-01 13:27:31,727,31108.0,28.42,5.0,13622,home_improvement,RENT,3,7,5,49.89,2,,0.125312,HIGH,APPROVED,0,0,600-700,<50K,ONLINE,case-890933-667771
EC000384,46:27.6,741,,23.94,6.0,13902,home_improvement,MORTGAGE,0,0,0,60.23,0,698.0,0.013224,LOW,APPROVED,0,0,600-700,50-75K,ONLINE,case-313220-480198
EC000385,2025-06-07 07:57:21,624,66958.0,18.99,14.0,22649,home_improvement,MORTGAGE,0,0,0,24.53,0,661.0,0.049284,HIGH,APPROVED,0,0,600-700,50-75K,ONLINE,case-716681-062532
EC000386,2025-01-27 23:31:18,609,,26.98,7.0,13802,other,MORTGAGE,1,3,26,10.0,2,650.0,0.084941,HIGH,APPROVED,0,0,600-700,75-100K,ONLINE,case-333582-974462
EC000387,2025-02-20 16:35:53,631,42782.0,26.46,8.0,29048,debt_consolidation,RENT,0,0,0,33.95,2,613.0,0.105559,HIGH,APPROVED,0,0,600-700,<50K,ONLINE,case-588111-415282
EC000388,46:27.6,747,81623.0,30.44,6.0,17024,debt_consolidation,MORTGAGE,1,2,35,51.25,1,682.0,0.02141,MEDIUM,DECLINED,0,0,600-700,75-100K,ONLINE,case-368621-768745
EC000389,2025-06-09 04:13:38,718,136823.0,29.26,6.0,17307,credit_card,OTHER,1,4,49,60.25,1,649.0,0.042257,HIGH,APPROVED,0,0,600-700,100K+,ONLINE,case-999021-518238
EC000390,2025-04-20 14:52:31,746,46498.0,26.51,2.0,21259,home_improvement,MORTGAGE,0,0,0,75.17,1,699.0,0.017706,MEDIUM,APPROVED,0,0,600-700,<50K,ONLINE,case-035348-413527
EC000391,46:27.6,641,84558.0,18.25,7.0,8429,home_improvement,MORTGAGE,0,0,0,40.24,1,652.0,0.058168,HIGH,APPROVED,0,0,600-700,75-100K,ONLINE,case-380972-717223
EC000392,2025-05-01 17:01:01,695,57900.0,6.51,5.0,26644,debt_consolidation,MORTGAGE,0,0,0,15.48,4,691.0,0.015662,MEDIUM,DECLINED,0,0,600-700,50-75K,ONLINE,case-433276-994904
EC000393,2025-03-15 18:37:36,717,117472.0,34.18,5.0,22487,other,RENT,0,0,0,63.19,1,671.0,0.030307,MEDIUM,APPROVED,0,0,600-700,100K+,ONLINE,case-694312-431420
EC000394,2025-04-28 20:16:09,585,30873.0,44.48,,25208,debt_consolidation,MORTGAGE,0,0,0,45.62,1,553.0,0.575354,VERY_HIGH,APPROVED,1,150,<600,<50K,ONLINE,case-876311-967720
EC000395,2025-06-01 23:28:20,667,49146.0,33.73,2.0,27864,other,OWN,0,0,0,51.22,0,627.0,0.157902,HIGH,DECLINED,0,0,600-700,<50K,ONLINE,case-974400-615192
EC000396,46:27.6,708,35851.0,37.9,4.0,63157,credit_card,MORTGAGE,2,4,38,40.96,0,616.0,0.100975,HIGH,DECLINED,0,0,600-700,<50K,ONLINE,case-559908-310225
EC000397,46:27.6,703,29299.0,16.24,,14567,home_improvement,MORTGAGE,2,8,26,0.0,0,682.0,0.024486,MEDIUM,APPROVED,0,0,600-700,<50K,ONLINE,case-491543-228214
EC000398,2025-06-17 19:25:23,648,,17.43,9.0,38474,major_purchase,MORTGAGE,2,2,59,56.31,1,,0.126848,HIGH,APPROVED,0,0,600-700,100K+,ONLINE,case-914529-511431
EC000399,2025-06-19 00:52:10,679,71677.0,27.16,1.0,8220,debt_consolidation,RENT,1,4,8,29.18,1,634.0,0.092317,HIGH,APPROVED,0,0,600-700,50-75K,ONLINE,case-660117-295754
EC000000,46:27.6,695,86531.0,26.78,0.0,10622,other,MORTGAGE,0,0,0,62.93,1,,0.02774,MEDIUM,APPROVED,0,0,600-700,75-100K,ONLINE,case-932035-919145
EC000001,2025-05-08 00:19:06,664,79801.0,30.49,4.0,11428,home_improvement,MORTGAGE,0,0,0,49.87,1,601.0,0.198648,VERY_HIGH,APPROVED,0,0,600-700,75-100K,ONLINE,case-561742-781022
EC000002,2025-01-17 02:17:42,693,87985.0,8.9,3.0,22531,other,RENT,0,0,0,58.34,0,714.0,0.009187,LOW,APPROVED,0,0,700-800,75-100K,ONLINE,case-342406-998845
EC000003,2025-02-15 11:00:23,728,75744.0,27.35,,14520,debt_consolidation,MORTGAGE,0,0,0,70.09,1,661.0,0.042065,HIGH,APPROVED,0,0,600-700,75-100K,ONLINE,case-184823-157190
EC000004,2025-04-27 09:50:35,593,60454.0,16.53,1.0,26516,other,OTHER,0,0,0,93.34,4,564.0,0.359693,VERY_HIGH,APPROVED,1,60,<600,50-75K,ONLINE,case-676129-917416
EC000005,2025-01-18 15:11:02,783,79823.0,13.32,,18955,credit_card,RENT,1,1,31,71.79,3,730.0,0.007166,LOW,APPROVED,0,30,700-800,75-100K,ONLINE,case-112674-631987
EC000006,46:27.6,665,57883.0,10.1,6.0,29804,other,MORTGAGE,1,6,55,28.14,0,719.0,0.016513,MEDIUM,APPROVED,0,0,700-800,50-75K,ONLINE,case-586419-886217
EC000007,2025-01-02 11:30:28,657,28457.0,15.63,9.0,17742,credit_card,OTHER,0,0,0,20.31,0,640.0,0.066178,HIGH,APPROVED,0,30,600-700,<50K,ONLINE,case-525008-760020
EC000008,2025-06-14 07:00:14,632,71148.0,7.26,20.0,17292,credit_card,RENT,0,0,0,64.42,1,658.0,0.042639,HIGH,APPROVED,0,0,600-700,50-75K,ONLINE,case-972194-024612
EC000009,2025-01-19 18:35:06,741,33254.0,18.64,1.0,16862,home_improvement,MORTGAGE,0,0,0,52.04,2,725.0,0.007232,LOW,APPROVED,0,0,700-800,<50K,ONLINE,case-822524-723328
EC000010,2025-05-02 10:15:55,727,37171.0,15.57,4.0,43402,credit_card,MORTGAGE,1,2,26,53.76,1,715.0,0.013956,LOW,APPROVED,0,0,700-800,<50K,ONLINE,case-330175-059705
EC000011,2025-01-16 05:57:44,758,50078.0,29.34,1.0,14811,other,RENT,0,0,0,20.15,1,728.0,0.006668,LOW,APPROVED,0,0,700-800,50-75K,ONLINE,case-469809-051793
EC000012,2025-05-10 10:38:32,739,89745.0,43.88,1.0,20971,major_purchase,RENT,0,0,0,39.97,1,681.0,0.024531,MEDIUM,APPROVED,0,0,600-700,75-100K,ONLINE,case-983252-711552
EC000013,2025-04-04 04:11:10,704,58187.0,13.04,,13055,home_improvement,RENT,0,0,0,40.32,0,707.0,0.016283,MEDIUM,APPROVED,0,0,700-800,50-75K,ONLINE,case-830383-266633
EC000014,46:27.6,708,170374.0,31.47,8.0,24873,debt_consolidation,RENT,0,0,0,13.01,2,725.0,0.009972,LOW,APPROVED,0,0,700-800,100K+,ONLINE,case-091297-066577
EC000015,2025-05-16 01:59:10,741,89279.0,17.45,6.0,43078,home_improvement,MORTGAGE,0,0,0,56.39,1,739.0,0.004333,LOW,APPROVED,0,0,700-800,75-100K,ONLINE,case-714738-591357
EC000016,46:27.6,642,,20.35,2.0,10072,major_purchase,RENT,2,5,27,50.94,1,649.0,0.087549,HIGH,APPROVED,0,0,600-700,50-75K,ONLINE,case-778461-571323
EC000017,46:27.6,687,25802.0,21.21,11.0,18479,credit_card,RENT,2,7,22,4.02,2,677.0,0.030034,MEDIUM,DECLINED,1,90,600-700,<50K,ONLINE,case-997063-275353
EC000018,2025-01-21 14:06:24,711,90557.0,22.81,2.0,21224,debt_consolidation,OTHER,1,4,4,40.32,4,662.0,0.052278,HIGH,APPROVED,0,0,600-700,75-100K,ONLINE,case-815391-264129
EC000019,2025-04-19 18:50:16,665,80640.0,28.32,6.0,13645,home_improvement,RENT,0,0,0,86.67,3,577.0,0.301386,VERY_HIGH,DECLINED,0,0,<600,75-100K,ONLINE,case-936335-818719
